Date,Close,Open,High,Low,Volume
09/06/23,0.89,0.87,0.89,0.87,63950000
08/06/23,0.88,0.88,0.88,0.87,59080000
07/06/23,0.87,0.88,0.89,0.86,71170000
06/06/23,0.88,0.87,0.89,0.85,43480000
05/06/23,0.89,0.89,0.90,0.88,61540000
02/06/23,0.89,0.87,0.90,0.87,38200000
01/06/23,0.86,0.84,0.87,0.83,66960000
31/05/23,0.82,0.83,0.84,0.82,24910000
30/05/23,0.85,0.87,0.87,0.84,23360000
26/05/23,0.87,0.86,0.88,0.86,16110000
25/05/23,0.86,0.86,0.87,0.86,16570000
24/05/23,0.87,0.88,0.88,0.86,14050000
23/05/23,0.88,0.88,0.89,0.88,12130000
22/05/23,0.89,0.89,0.89,0.88,12660000
19/05/23,0.89,0.89,0.89,0.88,13260000
18/05/23,0.87,0.86,0.87,0.86,9840000
17/05/23,0.86,0.84,0.86,0.84,15390000
16/05/23,0.84,0.85,0.85,0.84,13960000
15/05/23,0.86,0.84,0.86,0.84,15330000
12/05/23,0.84,0.85,0.85,0.84,11540000
11/05/23,0.85,0.85,0.85,0.84,9930000
10/05/23,0.85,0.86,0.87,0.85,13890000
09/05/23,0.87,0.86,0.87,0.86,13740000
08/05/23,0.87,0.87,0.87,0.86,13880000
05/05/23,0.87,0.84,0.87,0.84,18940000
04/05/23,0.83,0.84,0.85,0.83,28260000
03/05/23,0.86,0.85,0.87,0.85,37200000
02/05/23,0.86,0.87,0.88,0.85,37260000
01/05/23,0.87,0.87,0.90,0.87,25510000
28/04/23,0.89,0.88,0.90,0.88,33770000
27/04/23,0.89,0.88,0.90,0.88,20140000
26/04/23,0.87,0.88,0.89,0.87,24790000
25/04/23,0.86,0.90,0.90,0.86,38060000
24/04/23,0.91,0.90,0.91,0.90,26080000
21/04/23,0.89,0.87,0.89,0.87,23500000
20/04/23,0.89,0.89,0.90,0.89,16360000
19/04/23,0.92,0.90,0.92,0.90,12760000
18/04/23,0.92,0.92,0.93,0.92,19390000
17/04/23,0.92,0.92,0.94,0.90,43470000
14/04/23,0.96,0.96,0.98,0.96,24390000
13/04/23,0.95,0.93,0.95,0.93,31870000
12/04/23,0.92,0.92,0.93,0.92,22640000
11/04/23,0.90,0.89,0.91,0.88,22690000
10/04/23,0.87,0.88,0.88,0.86,7190000
06/04/23,0.88,0.89,0.90,0.88,9500000
05/04/23,0.87,0.89,0.89,0.87,15100000
04/04/23,0.89,0.88,0.89,0.88,13320000
03/04/23,0.88,0.89,0.89,0.87,12750000
31/03/23,0.89,0.88,0.91,0.88,22240000
30/03/23,0.87,0.90,0.90,0.87,19830000
29/03/23,0.88,0.87,0.90,0.87,32200000
28/03/23,0.85,0.85,0.86,0.84,51300000
27/03/23,0.86,0.86,0.88,0.85,44410000
24/03/23,0.86,0.82,0.86,0.82,63310000
23/03/23,0.87,0.91,0.91,0.86,81890000
22/03/23,0.92,0.94,0.96,0.91,99880000
21/03/23,0.97,0.97,1.00,0.94,209430000
20/03/23,0.94,0.91,1.08,0.90,374020000
17/03/23,2.01,2.05,2.10,1.94,138430000
16/03/23,2.16,2.30,2.32,2.11,224590000
15/03/23,2.16,1.76,2.23,1.75,425100000
14/03/23,2.51,2.56,2.59,2.46,39230000
13/03/23,2.54,2.44,2.59,2.38,45900000
10/03/23,2.66,2.76,2.77,2.61,37580000
09/03/23,2.77,2.84,2.88,2.75,21740000
08/03/23,2.90,2.89,2.93,2.88,20880000
07/03/23,2.89,2.96,2.98,2.89,15000000
06/03/23,3.00,2.99,3.01,2.96,12030000
03/03/23,3.03,2.97,3.05,2.95,15620000
02/03/23,2.84,2.81,2.84,2.70,35190000
01/03/23,3.00,3.03,3.05,2.97,15950000
28/02/23,3.07,3.05,3.11,3.04,12780000
27/02/23,3.06,3.08,3.10,3.05,9470000
24/02/23,3.00,3.01,3.02,2.96,17630000
23/02/23,3.04,3.05,3.07,3.00,21040000
22/02/23,3.01,2.96,3.01,2.94,28510000
21/02/23,2.92,2.90,2.96,2.90,35760000
17/02/23,3.02,3.01,3.03,2.97,26950000
16/02/23,3.06,3.01,3.11,3.01,28800000
15/02/23,3.13,3.05,3.13,3.04,22840000
14/02/23,3.09,3.03,3.13,3.02,26980000
13/02/23,3.05,3.04,3.05,3.00,32990000
10/02/23,3.14,3.11,3.19,3.08,27670000
09/02/23,3.02,3.32,3.32,3.00,73280000
08/02/23,3.58,3.56,3.61,3.55,20890000
07/02/23,3.61,3.54,3.63,3.49,17950000
06/02/23,3.52,3.50,3.53,3.46,16620000
03/02/23,3.56,3.59,3.65,3.54,24540000
02/02/23,3.68,3.66,3.76,3.64,28590000
01/02/23,3.63,3.54,3.67,3.52,26210000
31/01/23,3.51,3.43,3.52,3.42,17350000
30/01/23,3.43,3.52,3.53,3.43,20030000
27/01/23,3.56,3.50,3.58,3.49,19900000
26/01/23,3.57,3.50,3.57,3.48,17960000
25/01/23,3.47,3.41,3.49,3.38,16720000
24/01/23,3.47,3.45,3.51,3.45,20230000
23/01/23,3.54,3.43,3.55,3.42,22110000
20/01/23,3.46,3.32,3.46,3.30,24610000
19/01/23,3.32,3.39,3.41,3.28,29180000
18/01/23,3.49,3.59,3.63,3.48,21700000
17/01/23,3.53,3.49,3.56,3.49,15680000
13/01/23,3.44,3.41,3.46,3.40,17600000
12/01/23,3.51,3.47,3.53,3.43,16870000
11/01/23,3.45,3.40,3.46,3.37,16630000
10/01/23,3.40,3.36,3.40,3.34,14820000
09/01/23,3.36,3.35,3.42,3.33,15820000
06/01/23,3.28,3.20,3.29,3.18,12760000
05/01/23,3.20,3.23,3.25,3.16,15730000
04/01/23,3.28,3.17,3.32,3.16,27340000
03/01/23,3.12,3.15,3.23,3.10,17380000
30/12/22,3.04,3.04,3.08,3.03,16830000
29/12/22,3.12,3.03,3.12,3.02,11570000
28/12/22,3.02,3.08,3.11,3.01,19580000
27/12/22,3.14,3.11,3.15,3.08,10500000
23/12/22,3.10,3.08,3.12,3.05,15940000
22/12/22,3.09,3.06,3.09,3.01,15630000
21/12/22,3.12,3.02,3.13,3.01,17290000
20/12/22,2.99,2.98,3.04,2.97,19060000
19/12/22,3.02,3.09,3.10,2.99,23390000
16/12/22,3.08,3.09,3.10,3.01,19400000
15/12/22,3.07,3.13,3.14,3.06,19320000
14/12/22,3.15,3.22,3.27,3.13,38120000
13/12/22,3.38,3.41,3.44,3.32,25730000
12/12/22,3.40,3.37,3.40,3.30,17740000
09/12/22,3.37,3.39,3.47,3.37,27370000
08/12/22,3.32,3.24,3.35,3.19,22560000
07/12/22,3.17,3.23,3.27,3.16,18770000
06/12/22,3.22,3.27,3.32,3.10,34350000
05/12/22,3.34,3.46,3.60,3.33,42310000
02/12/22,3.38,3.22,3.38,3.21,34670000
01/12/22,3.09,3.08,3.12,2.99,41690000
30/11/22,3.28,3.19,3.30,3.09,30680000
29/11/22,3.29,3.24,3.31,3.22,32380000
28/11/22,3.37,3.48,3.51,3.32,23570000
25/11/22,3.59,3.63,3.71,3.52,24990000
23/11/22,3.83,3.94,3.97,3.80,21810000
22/11/22,4.09,4.11,4.12,4.05,9690000
21/11/22,4.15,4.21,4.24,4.12,11050000
18/11/22,4.25,4.32,4.33,4.22,11120000
17/11/22,4.39,4.31,4.39,4.25,10030000
16/11/22,4.39,4.48,4.48,4.35,9710000
15/11/22,4.51,4.53,4.60,4.45,15250000
14/11/22,4.50,4.59,4.59,4.50,11010000
11/11/22,4.63,4.40,4.68,4.38,21320000
10/11/22,4.30,4.09,4.31,4.07,17400000
09/11/22,4.01,4.15,4.16,3.99,13150000
08/11/22,4.18,4.15,4.24,4.10,15400000
07/11/22,4.12,4.18,4.21,4.08,18010000
04/11/22,4.24,4.10,4.24,4.09,19540000
03/11/22,4.02,4.00,4.09,3.97,13200000
02/11/22,4.08,4.18,4.27,4.08,15060000
01/11/22,4.16,4.25,4.30,4.16,18180000
31/10/22,4.12,4.03,4.18,4.01,25470000
28/10/22,3.93,3.94,3.98,3.86,38450000
27/10/22,3.83,4.28,4.33,3.82,57380000
26/10/22,4.79,4.84,4.89,4.78,17820000
25/10/22,4.84,4.76,4.90,4.76,13270000
24/10/22,4.74,4.73,4.80,4.68,11400000
21/10/22,4.72,4.53,4.73,4.48,12160000
20/10/22,4.54,4.57,4.68,4.51,15080000
19/10/22,4.58,4.68,4.71,4.54,12920000
18/10/22,4.71,4.75,4.82,4.63,18030000
17/10/22,4.55,4.56,4.77,4.52,19510000
14/10/22,4.39,4.54,4.58,4.38,15030000
13/10/22,4.53,4.20,4.60,4.18,19710000
12/10/22,4.25,4.25,4.32,4.15,17220000
11/10/22,4.24,4.43,4.57,4.21,25330000
10/10/22,4.48,4.66,4.66,4.34,32110000
07/10/22,4.85,4.47,4.90,4.36,52150000
06/10/22,4.29,4.36,4.37,4.23,21680000
05/10/22,4.22,4.23,4.29,4.15,32960000
04/10/22,4.50,4.16,4.50,4.15,38920000
03/10/22,4.01,3.88,4.05,3.70,39800000
30/09/22,3.92,3.98,4.05,3.92,15100000
29/09/22,3.92,3.93,3.96,3.83,19390000
28/09/22,4.08,3.87,4.12,3.84,17790000
27/09/22,3.98,4.03,4.07,3.91,24620000
26/09/22,4.05,4.18,4.24,3.99,17730000
23/09/22,4.14,4.41,4.47,4.05,32610000
22/09/22,4.71,4.98,4.99,4.67,33700000
21/09/22,5.00,5.07,5.17,5.00,12120000
20/09/22,5.07,5.15,5.16,5.02,17630000
19/09/22,5.24,5.11,5.25,5.09,11890000
16/09/22,5.23,5.29,5.30,5.18,10050000
15/09/22,5.34,5.30,5.45,5.29,9330000
14/09/22,5.33,5.29,5.38,5.26,8270000
13/09/22,5.30,5.37,5.45,5.28,10620000
12/09/22,5.62,5.57,5.68,5.57,8730000
09/09/22,5.42,5.37,5.46,5.35,10320000
08/09/22,5.23,5.05,5.24,5.03,11790000
07/09/22,5.15,4.97,5.16,4.95,27160000
06/09/22,5.04,5.14,5.16,4.98,10070000
02/09/22,5.12,5.12,5.36,5.06,17020000
01/09/22,5.00,5.09,5.10,4.91,14690000
31/08/22,5.16,5.20,5.23,5.15,11630000
30/08/22,5.23,5.33,5.36,5.19,13440000
29/08/22,5.25,5.26,5.32,5.22,10500000
26/08/22,5.23,5.48,5.49,5.23,12030000
25/08/22,5.44,5.32,5.47,5.31,11080000
24/08/22,5.29,5.22,5.35,5.20,11380000
23/08/22,5.28,5.25,5.33,5.24,12690000
22/08/22,5.16,5.19,5.21,5.13,12780000
19/08/22,5.26,5.40,5.41,5.25,10940000
18/08/22,5.50,5.51,5.53,5.45,8740000
17/08/22,5.50,5.55,5.57,5.45,11070000
16/08/22,5.77,5.73,5.81,5.69,10410000
15/08/22,5.77,5.77,5.80,5.71,6610000
12/08/22,5.86,5.82,5.87,5.79,8060000
11/08/22,5.71,5.77,5.84,5.70,10800000
10/08/22,5.68,5.55,5.74,5.55,14620000
09/08/22,5.45,5.49,5.54,5.41,11250000
08/08/22,5.59,5.55,5.69,5.55,13320000
05/08/22,5.50,5.42,5.54,5.40,10320000
04/08/22,5.53,5.45,5.56,5.45,10490000
03/08/22,5.42,5.36,5.45,5.33,11380000
02/08/22,5.40,5.50,5.53,5.40,13450000
01/08/22,5.77,5.71,5.83,5.65,24700000
29/07/22,5.80,5.70,5.85,5.66,9620000
28/07/22,5.72,5.61,5.73,5.54,12060000
27/07/22,5.51,5.47,5.55,5.38,18220000
26/07/22,5.22,5.40,5.43,5.21,15730000
25/07/22,5.60,5.54,5.62,5.49,13600000
22/07/22,5.48,5.55,5.58,5.45,11150000
21/07/22,5.60,5.50,5.62,5.49,11630000
20/07/22,5.53,5.60,5.63,5.47,14120000
19/07/22,5.69,5.56,5.72,5.53,13920000
18/07/22,5.36,5.42,5.49,5.34,14740000
15/07/22,5.26,5.11,5.29,5.06,14190000
14/07/22,5.11,5.24,5.25,5.05,17670000
13/07/22,5.36,5.40,5.42,5.27,12520000
12/07/22,5.52,5.40,5.59,5.39,14700000
11/07/22,5.43,5.51,5.52,5.42,13630000
08/07/22,5.60,5.61,5.65,5.52,11950000
07/07/22,5.57,5.48,5.58,5.47,14650000
06/07/22,5.43,5.45,5.50,5.40,14430000
05/07/22,5.57,5.49,5.58,5.39,16660000
01/07/22,5.70,5.57,5.72,5.52,16010000
30/06/22,5.67,5.65,5.70,5.53,17290000
29/06/22,5.79,5.87,5.89,5.74,16420000
28/06/22,5.87,5.99,6.08,5.85,11690000
27/06/22,5.95,5.94,6.00,5.85,13060000
24/06/22,5.95,5.86,6.00,5.83,15510000
23/06/22,5.64,5.74,5.77,5.53,15750000
22/06/22,5.92,5.87,5.98,5.86,10950000
21/06/22,5.91,5.97,6.02,5.90,13020000
17/06/22,5.89,5.88,5.95,5.78,16310000
16/06/22,5.68,5.78,5.80,5.65,17180000
15/06/22,5.92,5.88,5.98,5.78,18620000
14/06/22,5.80,5.91,5.98,5.74,18890000
13/06/22,5.94,6.05,6.10,5.91,28370000
10/06/22,6.17,6.36,6.36,6.17,25150000
09/06/22,6.52,6.91,6.92,6.29,32060000
08/06/22,6.87,6.83,7.25,6.83,64530000
07/06/22,6.94,6.81,6.95,6.79,12140000
06/06/22,6.97,6.95,7.15,6.94,12140000
03/06/22,6.88,6.94,6.95,6.84,9740000
02/06/22,7.02,6.90,7.02,6.86,10560000
01/06/22,6.93,7.03,7.05,6.84,15280000
31/05/22,7.05,7.03,7.11,6.99,13150000
27/05/22,7.35,7.25,7.35,7.23,9920000
26/05/22,7.22,7.12,7.26,7.10,17100000
25/05/22,7.07,6.95,7.11,6.94,13200000
24/05/22,7.06,7.03,7.11,6.93,13780000
23/05/22,7.01,6.92,7.06,6.86,13590000
20/05/22,6.78,6.84,6.86,6.63,14130000
19/05/22,6.75,6.61,6.80,6.60,14420000
18/05/22,6.63,6.72,6.78,6.61,11890000
17/05/22,6.78,6.71,6.80,6.67,13810000
16/05/22,6.53,6.56,6.59,6.45,14920000
13/05/22,6.51,6.35,6.55,6.34,23140000
12/05/22,6.24,6.18,6.32,6.07,19010000
11/05/22,6.20,6.31,6.47,6.20,18780000
10/05/22,6.33,6.43,6.46,6.20,18850000
09/05/22,6.26,6.45,6.47,6.24,16860000
06/05/22,6.68,6.73,6.75,6.61,14660000
05/05/22,6.75,6.95,6.97,6.70,15130000
04/05/22,7.24,7.00,7.27,6.93,15470000
03/05/22,7.01,6.92,7.06,6.91,15270000
02/05/22,6.75,6.65,6.75,6.57,18380000
29/04/22,6.70,6.89,7.03,6.69,17640000
28/04/22,6.61,6.59,6.64,6.42,15400000
27/04/22,6.53,6.72,6.76,6.49,16290000
26/04/22,6.76,7.02,7.09,6.76,13910000
25/04/22,7.16,7.09,7.18,6.96,20440000
22/04/22,7.18,7.34,7.37,7.16,10410000
21/04/22,7.34,7.57,7.61,7.33,12260000
20/04/22,7.49,7.59,7.61,7.46,11630000
19/04/22,7.72,7.57,7.74,7.55,11520000
18/04/22,7.50,7.51,7.57,7.45,8920000
14/04/22,7.51,7.59,7.64,7.51,10760000
13/04/22,7.64,7.51,7.65,7.50,11520000
12/04/22,7.55,7.64,7.69,7.52,9390000
11/04/22,7.70,7.74,7.85,7.70,9060000
08/04/22,7.73,7.68,7.82,7.66,8020000
07/04/22,7.72,7.71,7.77,7.55,13360000
06/04/22,7.68,7.67,7.72,7.56,12380000
05/04/22,7.79,7.92,7.95,7.78,11190000
04/04/22,8.08,8.03,8.13,8.01,8270000
01/04/22,7.99,8.00,8.06,7.89,8200000
31/03/22,7.85,8.01,8.02,7.85,8690000
30/03/22,8.04,8.13,8.16,8.00,8940000
29/03/22,8.22,8.23,8.28,8.14,11600000
28/03/22,7.94,8.14,8.15,7.82,16520000
25/03/22,8.15,8.11,8.17,8.08,7990000
24/03/22,8.12,8.05,8.14,8.01,7630000
23/03/22,8.09,8.09,8.20,8.07,7730000
22/03/22,8.25,8.24,8.35,8.23,8830000
21/03/22,8.14,8.16,8.19,8.06,11540000
18/03/22,8.15,7.91,8.16,7.91,9640000
17/03/22,8.01,7.86,8.04,7.83,9860000
16/03/22,7.98,7.80,8.04,7.80,16580000
15/03/22,7.59,7.56,7.62,7.42,14990000
14/03/22,7.63,7.67,7.79,7.57,15190000
11/03/22,7.38,7.62,7.70,7.37,16510000
10/03/22,7.35,7.52,7.55,7.29,20860000
09/03/22,7.69,7.60,7.76,7.59,16010000
08/03/22,7.27,7.20,7.51,7.03,25160000
07/03/22,6.89,7.16,7.27,6.85,25130000
04/03/22,7.38,7.56,7.57,7.32,21510000
03/03/22,7.89,8.10,8.11,7.84,12670000
02/03/22,7.97,7.91,8.02,7.84,14480000
01/03/22,7.83,8.11,8.15,7.74,19000000
28/02/22,8.28,8.25,8.40,8.20,18770000
25/02/22,8.44,8.42,8.52,8.38,12180000
24/02/22,8.25,7.96,8.26,7.95,18770000
23/02/22,8.47,8.75,8.77,8.45,10050000
22/02/22,8.58,8.67,8.77,8.51,13320000
18/02/22,8.93,8.98,9.03,8.89,9250000
17/02/22,8.97,9.00,9.06,8.93,12750000
16/02/22,9.11,9.04,9.14,9.04,5000000
15/02/22,9.08,8.99,9.09,8.98,5640000
14/02/22,8.91,9.01,9.03,8.82,12000000
11/02/22,8.95,9.16,9.30,8.91,17650000
10/02/22,9.08,9.35,9.40,9.07,24880000
09/02/22,10.01,9.98,10.09,9.98,5240000
08/02/22,9.93,9.81,9.94,9.80,6640000
07/02/22,9.74,9.63,9.79,9.62,5390000
04/02/22,9.64,9.49,9.70,9.48,5480000
03/02/22,9.59,9.68,9.74,9.58,4370000
02/02/22,9.73,9.70,9.76,9.64,4530000
01/02/22,9.76,9.60,9.76,9.59,6200000
31/01/22,9.53,9.36,9.55,9.35,5990000
28/01/22,9.31,9.19,9.32,9.09,6600000
27/01/22,9.21,9.51,9.51,9.11,12120000
26/01/22,9.25,9.39,9.45,9.14,10640000
25/01/22,9.06,8.85,9.13,8.77,14940000
24/01/22,9.24,9.19,9.25,8.95,14470000
21/01/22,9.68,9.85,9.86,9.63,7190000
20/01/22,9.86,9.96,10.05,9.85,7810000
19/01/22,9.87,10.03,10.03,9.86,7250000
18/01/22,10.03,10.14,10.16,10.00,7070000
14/01/22,10.55,10.40,10.55,10.37,4940000
13/01/22,10.51,10.45,10.56,10.43,4640000
12/01/22,10.27,10.24,10.31,10.21,3730000
11/01/22,10.23,10.06,10.23,10.02,6120000
10/01/22,10.21,10.27,10.32,10.15,6070000
07/01/22,10.19,10.10,10.20,10.09,4720000
06/01/22,10.19,10.12,10.21,10.02,4460000
05/01/22,9.94,10.10,10.15,9.93,4200000
04/01/22,10.04,9.99,10.13,9.98,8750000
03/01/22,9.92,9.76,9.94,9.75,5740000
31/12/21,9.64,9.56,9.69,9.56,2650000
30/12/21,9.63,9.65,9.72,9.63,2540000
29/12/21,9.63,9.67,9.69,9.61,2100000
28/12/21,9.75,9.73,9.78,9.71,3000000
27/12/21,9.75,9.71,9.76,9.64,2860000
23/12/21,9.69,9.66,9.74,9.64,2940000
22/12/21,9.53,9.47,9.53,9.41,2940000
21/12/21,9.43,9.34,9.49,9.34,6300000
20/12/21,9.14,9.20,9.25,9.06,6500000
17/12/21,9.38,9.45,9.49,9.34,6600000
16/12/21,9.53,9.61,9.63,9.50,4220000
15/12/21,9.38,9.50,9.51,9.29,5660000
14/12/21,9.39,9.38,9.52,9.38,5310000
13/12/21,9.36,9.48,9.51,9.34,5770000
10/12/21,9.53,9.60,9.60,9.50,3640000
09/12/21,9.60,9.68,9.69,9.59,3990000
08/12/21,9.79,9.73,9.84,9.70,3260000
07/12/21,9.75,9.66,9.80,9.65,5640000
06/12/21,9.60,9.50,9.69,9.50,5720000
03/12/21,9.56,9.71,9.71,9.51,4930000
02/12/21,9.72,9.56,9.77,9.51,6920000
01/12/21,9.50,9.73,9.79,9.50,6230000
30/11/21,9.61,9.71,9.76,9.53,9390000
29/11/21,9.66,9.69,9.73,9.50,6130000
26/11/21,9.67,9.56,9.68,9.47,4140000
24/11/21,9.82,9.74,9.83,9.73,2350000
23/11/21,9.81,9.79,9.89,9.76,3140000
22/11/21,9.62,9.74,9.78,9.62,5450000
19/11/21,9.79,9.83,9.87,9.73,5440000
18/11/21,10.12,10.13,10.16,10.00,5100000
17/11/21,10.21,10.15,10.27,10.12,4640000
16/11/21,9.92,10.00,10.03,9.91,5300000
15/11/21,10.03,10.09,10.12,10.03,2460000
12/11/21,10.06,10.03,10.08,10.01,2640000
11/11/21,10.12,10.04,10.15,10.02,4610000
10/11/21,10.08,10.23,10.28,10.06,7270000
09/11/21,10.19,10.23,10.26,10.14,3260000
08/11/21,10.31,10.25,10.37,10.25,3000000
05/11/21,10.23,10.24,10.30,10.17,4520000
04/11/21,10.28,10.58,10.60,10.16,12850000
03/11/21,10.79,10.92,10.97,10.71,7300000
02/11/21,10.98,10.91,11.00,10.84,3370000
01/11/21,11.03,10.88,11.04,10.86,9350000
29/10/21,10.31,10.45,10.50,10.23,4570000
28/10/21,10.48,10.40,10.50,10.37,2390000
27/10/21,10.53,10.60,10.68,10.53,2630000
26/10/21,10.64,10.60,10.70,10.59,2050000
25/10/21,10.58,10.55,10.60,10.52,1920000
22/10/21,10.51,10.46,10.54,10.39,2440000
21/10/21,10.41,10.42,10.48,10.36,2090000
20/10/21,10.46,10.37,10.47,10.31,3690000
19/10/21,10.60,10.57,10.62,10.54,2640000
18/10/21,10.45,10.51,10.52,10.41,2490000
15/10/21,10.57,10.56,10.63,10.52,3490000
14/10/21,10.43,10.42,10.45,10.36,3070000
13/10/21,10.27,10.26,10.28,10.10,3150000
12/10/21,10.29,10.29,10.35,10.24,1960000
11/10/21,10.29,10.37,10.45,10.29,2160000
08/10/21,10.35,10.27,10.39,10.25,2460000
07/10/21,10.18,10.18,10.30,10.16,4180000
06/10/21,9.97,9.85,9.98,9.78,4860000
05/10/21,9.94,9.83,10.01,9.79,4750000
04/10/21,9.83,9.91,10.04,9.80,4090000
01/10/21,9.90,9.86,9.94,9.77,4070000
30/09/21,9.86,9.87,9.93,9.81,4040000
29/09/21,9.98,9.96,10.01,9.90,2990000
28/09/21,9.97,10.10,10.14,9.93,3960000
27/09/21,10.16,10.07,10.21,10.06,3640000
24/09/21,9.88,9.85,9.92,9.85,2520000
23/09/21,9.80,9.72,9.87,9.70,4100000
22/09/21,9.60,9.61,9.71,9.56,5100000
21/09/21,9.41,9.52,9.53,9.37,5970000
20/09/21,9.40,9.51,9.55,9.29,14770000
17/09/21,10.15,10.24,10.27,10.10,3840000
16/09/21,10.26,10.34,10.37,9.85,8500000
15/09/21,10.21,10.27,10.33,10.17,4460000
14/09/21,10.41,10.64,10.65,10.38,3800000
13/09/21,10.62,10.52,10.65,10.48,3790000
10/09/21,10.43,10.61,10.62,10.42,3170000
09/09/21,10.58,10.47,10.69,10.46,3120000
08/09/21,10.44,10.55,10.61,10.42,2900000
07/09/21,10.56,10.60,10.70,10.54,2500000
03/09/21,10.57,10.60,10.63,10.53,2160000
02/09/21,10.57,10.56,10.66,10.55,2110000
01/09/21,10.61,10.59,10.68,10.56,2110000
31/08/21,10.57,10.56,10.63,10.54,3230000
30/08/21,10.56,10.64,10.65,10.53,2980000
27/08/21,10.66,10.50,10.68,10.49,2650000
26/08/21,10.52,10.70,10.72,10.49,3520000
25/08/21,10.72,10.66,10.77,10.62,4330000
24/08/21,10.44,10.35,10.48,10.35,3450000
23/08/21,10.35,10.28,10.36,10.27,3090000
20/08/21,10.22,10.14,10.24,10.12,3200000
19/08/21,10.17,10.21,10.28,10.12,5310000
18/08/21,10.31,10.32,10.45,10.30,2760000
17/08/21,10.26,10.31,10.41,10.17,3670000
16/08/21,10.34,10.30,10.35,10.21,2550000
13/08/21,10.39,10.41,10.42,10.35,3610000
12/08/21,10.43,10.45,10.48,10.37,4490000
11/08/21,10.48,10.52,10.56,10.45,2590000
10/08/21,10.44,10.48,10.54,10.43,3360000
09/08/21,10.53,10.58,10.60,10.50,21770000
06/08/21,10.58,10.52,10.60,10.49,4290000
05/08/21,10.40,10.31,10.45,10.31,2430000
04/08/21,10.25,10.27,10.35,10.25,3680000
03/08/21,10.39,10.36,10.40,10.23,4100000
02/08/21,10.23,10.31,10.41,10.22,4220000
30/07/21,10.05,10.05,10.16,9.98,3840000
29/07/21,9.99,10.12,10.15,9.96,6280000
28/07/21,10.29,10.23,10.29,10.11,3600000
27/07/21,10.21,10.18,10.27,10.14,7510000
26/07/21,10.28,10.17,10.31,10.17,4000000
23/07/21,10.06,10.13,10.14,10.03,2890000
22/07/21,9.97,10.08,10.09,9.94,2510000
21/07/21,10.11,9.95,10.15,9.94,4150000
20/07/21,9.81,9.60,9.85,9.56,5200000
19/07/21,9.57,9.64,9.66,9.50,7530000
16/07/21,9.73,9.89,9.90,9.73,5280000
15/07/21,9.85,9.78,9.93,9.75,4520000
14/07/21,9.89,9.92,9.98,9.84,4530000
13/07/21,9.95,10.07,10.09,9.92,5650000
12/07/21,10.11,9.99,10.15,9.98,4980000
09/07/21,10.10,10.04,10.10,9.98,4830000
08/07/21,9.91,9.99,10.03,9.88,21770000
07/07/21,10.12,10.13,10.17,10.05,4030000
06/07/21,10.24,10.40,10.40,10.19,4050000
02/07/21,10.42,10.51,10.52,10.40,1830000
01/07/21,10.56,10.54,10.59,10.52,1630000
30/06/21,10.49,10.42,10.52,10.39,2250000
29/06/21,10.51,10.66,10.68,10.51,3620000
28/06/21,10.57,10.65,10.67,10.53,4720000
25/06/21,10.77,10.70,10.79,10.65,6410000
24/06/21,10.59,10.48,10.61,10.46,6700000
23/06/21,10.20,10.23,10.27,10.18,3390000
22/06/21,10.16,10.16,10.21,10.11,4720000
21/06/21,10.26,10.19,10.27,10.17,4050000
18/06/21,10.17,10.23,10.34,10.13,8480000
17/06/21,10.42,10.65,10.68,10.35,7270000
16/06/21,10.69,10.73,10.74,10.57,5760000
15/06/21,10.76,10.71,10.81,10.69,4600000
14/06/21,10.66,10.73,10.74,10.65,3900000
11/06/21,10.70,10.72,10.76,10.67,3750000
10/06/21,10.68,10.83,10.85,10.68,3760000
09/06/21,10.78,10.90,10.91,10.77,4290000
08/06/21,10.93,10.92,10.98,10.85,7720000
07/06/21,11.11,11.13,11.14,11.10,5400000
04/06/21,11.18,11.15,11.19,11.11,6010000
03/06/21,11.15,11.10,11.16,11.08,6230000
02/06/21,11.12,11.05,11.12,11.03,6220000
01/06/21,11.14,11.11,11.18,11.11,8730000
28/05/21,11.02,10.96,11.05,10.94,11230000
27/05/21,11.14,10.89,11.15,10.88,12920000
26/05/21,10.88,10.62,10.92,10.61,11790000
25/05/21,10.78,10.87,10.92,10.77,10840000
24/05/21,10.77,10.73,10.79,10.68,4810000
21/05/21,10.69,10.68,10.74,10.66,10050000
20/05/21,10.76,10.46,10.79,10.42,18090000
19/05/21,10.46,10.31,10.48,10.22,11800000
18/05/21,10.41,10.52,10.54,10.41,6230000
17/05/21,10.51,10.41,10.52,10.37,6960000
14/05/21,10.45,10.35,10.48,10.34,5760000
13/05/21,10.28,10.02,10.29,10.01,5900000
12/05/21,10.07,10.17,10.23,10.05,4350000
11/05/21,10.10,10.03,10.17,10.02,5460000
10/05/21,10.15,10.25,10.29,10.15,5510000
07/05/21,10.39,10.24,10.39,10.22,7310000
06/05/21,10.37,10.31,10.38,10.27,8000000
05/05/21,10.37,10.24,10.38,10.19,5570000
04/05/21,10.34,10.42,10.45,10.23,5780000
03/05/21,10.61,10.59,10.67,10.55,3990000
30/04/21,10.57,10.65,10.65,10.51,5860000
29/04/21,10.73,10.71,10.77,10.64,6360000
28/04/21,10.77,10.61,10.80,10.59,7080000
27/04/21,10.61,10.52,10.62,10.49,6410000
26/04/21,10.27,10.22,10.42,10.20,10840000
23/04/21,10.45,10.01,10.47,9.95,19590000
22/04/21,10.01,9.89,10.26,9.87,18430000
21/04/21,10.38,10.06,10.38,10.02,8180000
20/04/21,10.29,10.47,10.50,10.25,9430000
19/04/21,10.70,10.72,10.78,10.65,4330000
16/04/21,10.85,10.69,10.85,10.66,5590000
15/04/21,10.76,10.68,10.76,10.61,5530000
14/04/21,10.64,10.57,10.73,10.56,6670000
13/04/21,10.63,10.65,10.66,10.57,6340000
12/04/21,10.71,10.66,10.74,10.65,4780000
09/04/21,10.65,10.62,10.69,10.57,12060000
08/04/21,10.95,10.92,10.98,10.84,5880000
07/04/21,10.87,10.92,10.97,10.83,9470000
06/04/21,10.97,10.84,10.97,10.80,18300000
05/04/21,10.87,10.98,11.00,10.85,7850000
01/04/21,10.70,10.75,10.88,10.65,15900000
31/03/21,10.60,10.60,10.69,10.46,18960000
30/03/21,10.99,11.00,11.09,10.86,23780000
29/03/21,11.39,11.16,11.55,11.06,30840000
26/03/21,12.87,13.22,13.34,12.86,8820000
25/03/21,13.21,13.10,13.25,12.91,5050000
24/03/21,12.88,12.94,13.09,12.87,3390000
23/03/21,12.89,13.07,13.13,12.85,2970000
22/03/21,13.15,13.08,13.17,13.02,2560000
19/03/21,13.08,13.00,13.12,12.90,2810000
18/03/21,13.06,13.30,13.41,13.02,2980000
17/03/21,13.13,12.86,13.13,12.86,4300000
16/03/21,12.90,13.11,13.13,12.86,2160000
15/03/21,13.00,12.86,13.01,12.80,3250000
12/03/21,12.85,12.89,13.10,12.79,6930000
11/03/21,13.29,13.47,13.47,13.27,4590000
10/03/21,13.95,13.91,14.00,13.74,3390000
09/03/21,13.98,13.80,14.09,13.65,3400000
08/03/21,13.80,13.93,13.97,13.79,2920000
05/03/21,13.89,13.98,13.98,13.64,5090000
04/03/21,13.86,14.07,14.14,13.68,6470000
03/03/21,14.06,13.94,14.25,13.93,4550000
02/03/21,14.23,14.18,14.32,14.16,3290000
01/03/21,14.70,14.60,14.78,14.57,1600000
26/02/21,14.45,14.64,14.65,14.43,3850000
25/02/21,14.54,14.84,14.95,14.51,2740000
24/02/21,14.66,14.35,14.69,14.33,4440000
23/02/21,14.30,14.37,14.41,14.11,2700000
22/02/21,14.30,14.09,14.42,14.07,3620000
19/02/21,14.08,14.02,14.13,14.01,1660000
18/02/21,13.76,13.93,13.95,13.63,2530000
17/02/21,14.17,14.22,14.27,14.06,2310000
16/02/21,14.43,14.27,14.47,14.23,2180000
12/02/21,13.91,13.76,13.91,13.76,1070000
11/02/21,13.81,13.80,13.85,13.70,1100000
10/02/21,13.83,13.86,13.93,13.76,2150000
09/02/21,13.84,13.76,13.87,13.72,1110000
08/02/21,13.78,13.71,13.80,13.71,1530000
05/02/21,13.63,13.71,13.74,13.59,1690000
04/02/21,13.72,13.60,13.77,13.35,2810000
03/02/21,13.50,13.40,13.51,13.38,1840000
02/02/21,13.40,13.41,13.47,13.36,1550000
01/02/21,13.21,13.09,13.22,13.03,1610000
29/01/21,13.05,13.26,13.36,13.00,2690000
28/01/21,13.60,13.27,13.70,13.26,3300000
27/01/21,13.16,13.23,13.30,13.06,2190000
26/01/21,13.49,13.54,13.57,13.45,1990000
25/01/21,13.56,13.47,13.59,13.43,1930000
22/01/21,13.73,13.71,13.79,13.63,1660000
21/01/21,13.75,13.80,13.85,13.69,1320000
20/01/21,13.77,13.84,13.85,13.69,1550000
19/01/21,13.63,13.75,13.76,13.61,1820000
15/01/21,13.80,13.94,13.98,13.74,1800000
14/01/21,13.97,13.91,14.01,13.91,1870000
13/01/21,13.96,13.96,14.01,13.83,2110000
12/01/21,14.07,13.92,14.07,13.92,1790000
11/01/21,13.75,13.57,13.75,13.50,1530000
08/01/21,13.69,13.77,13.78,13.51,2470000
07/01/21,14.10,14.03,14.17,14.01,2100000
06/01/21,13.79,13.63,13.90,13.62,2920000
05/01/21,13.17,13.04,13.24,13.02,2000000
04/01/21,12.89,13.13,13.13,12.82,2140000
31/12/20,12.80,12.78,12.82,12.74,1060000
30/12/20,12.81,12.86,12.94,12.79,1310000
29/12/20,12.79,12.84,12.88,12.76,1730000
28/12/20,12.76,12.85,12.89,12.74,1840000
24/12/20,12.66,12.74,12.74,12.61,414120
23/12/20,12.75,12.51,12.84,12.51,3320000
22/12/20,12.17,12.34,12.39,12.17,2500000
21/12/20,12.32,12.10,12.34,12.04,2920000
18/12/20,12.57,12.66,12.68,12.49,1310000
17/12/20,12.74,12.82,12.82,12.72,958820
16/12/20,12.69,12.78,12.79,12.64,1260000
15/12/20,12.73,12.60,12.76,12.54,1510000
14/12/20,12.41,12.58,12.60,12.41,1710000
11/12/20,12.45,12.51,12.55,12.39,1660000
10/12/20,12.76,12.72,12.81,12.67,1850000
09/12/20,13.00,13.07,13.10,12.93,1630000
08/12/20,12.97,12.97,13.03,12.91,1370000
07/12/20,13.11,13.19,13.21,13.09,1800000
04/12/20,13.20,13.14,13.25,13.14,1700000
03/12/20,13.03,13.02,13.11,12.94,2060000
02/12/20,13.02,12.86,13.03,12.83,1770000
01/12/20,12.89,12.67,12.93,12.67,2260000
30/11/20,12.47,12.87,12.88,12.47,2670000
27/11/20,12.93,12.81,12.95,12.81,972370
25/11/20,12.96,12.91,12.98,12.77,2070000
24/11/20,13.02,12.78,13.06,12.76,3790000
23/11/20,12.52,12.44,12.56,12.41,3490000
20/11/20,12.22,12.23,12.29,12.16,1230000
19/11/20,12.25,12.09,12.27,12.05,2810000
18/11/20,12.05,12.20,12.30,12.05,2210000
17/11/20,12.21,12.12,12.29,12.07,2570000
16/11/20,12.03,12.04,12.10,11.92,2520000
13/11/20,11.75,11.66,11.79,11.66,1840000
12/11/20,11.51,11.47,11.61,11.44,1950000
11/11/20,11.60,11.62,11.66,11.53,2300000
10/11/20,11.69,11.62,11.75,11.50,4830000
09/11/20,11.27,11.34,11.48,11.10,6980000
06/11/20,10.57,10.68,10.68,10.56,2580000
05/11/20,10.50,10.35,10.58,10.33,3460000
04/11/20,10.12,10.09,10.26,9.97,3530000
03/11/20,10.19,10.04,10.25,10.02,4460000
02/11/20,9.63,9.63,9.66,9.53,2690000
30/10/20,9.41,9.36,9.42,9.28,3480000
29/10/20,9.38,9.38,9.58,9.30,6900000
28/10/20,9.92,9.94,10.09,9.86,4810000
27/10/20,10.34,10.53,10.53,10.31,2450000
26/10/20,10.69,10.74,10.74,10.58,2070000
23/10/20,10.87,10.93,10.96,10.79,2660000
22/10/20,10.66,10.43,10.68,10.41,2870000
21/10/20,10.63,10.74,10.80,10.61,1620000
20/10/20,10.81,10.92,10.97,10.80,2220000
19/10/20,10.62,10.66,10.78,10.59,3690000
16/10/20,10.22,10.19,10.29,10.15,2490000
15/10/20,10.23,10.01,10.23,9.99,1880000
14/10/20,10.35,10.45,10.47,10.34,1560000
13/10/20,10.45,10.62,10.62,10.40,2270000
12/10/20,10.61,10.55,10.64,10.52,1280000
09/10/20,10.47,10.61,10.61,10.44,1490000
08/10/20,10.57,10.57,10.59,10.48,1650000
07/10/20,10.48,10.46,10.52,10.43,2260000
06/10/20,10.30,10.54,10.54,10.25,2940000
05/10/20,10.32,10.28,10.35,10.26,2240000
02/10/20,10.07,9.86,10.14,9.84,2480000
01/10/20,9.91,9.99,10.01,9.85,1630000
30/09/20,9.97,9.91,10.06,9.90,2500000
29/09/20,9.83,9.87,9.90,9.73,1770000
28/09/20,9.90,9.80,9.97,9.78,2170000
25/09/20,9.48,9.38,9.49,9.35,2240000
24/09/20,9.62,9.61,9.71,9.54,2350000
23/09/20,9.68,9.93,9.97,9.66,2980000
22/09/20,9.91,9.99,10.07,9.82,2580000
21/09/20,10.08,10.23,10.25,9.90,5480000
18/09/20,10.68,10.79,10.82,10.61,3470000
17/09/20,10.98,10.91,11.04,10.91,2320000
16/09/20,11.04,10.91,11.18,10.88,2460000
15/09/20,10.92,11.10,11.11,10.87,3910000
14/09/20,11.19,11.18,11.31,11.08,5980000
11/09/20,10.76,10.77,10.82,10.69,1690000
10/09/20,10.70,10.94,10.98,10.67,2410000
09/09/20,10.76,10.74,10.83,10.68,2760000
08/09/20,10.45,10.64,10.64,10.44,6820000
04/09/20,10.92,11.08,11.10,10.79,4440000
03/09/20,10.96,11.21,11.28,10.92,3390000
02/09/20,10.98,10.84,11.01,10.83,1900000
01/09/20,10.85,10.75,10.90,10.70,2300000
31/08/20,10.97,11.15,11.15,10.95,1690000
28/08/20,11.20,11.19,11.20,11.10,1500000
27/08/20,11.14,11.20,11.23,11.09,2100000
26/08/20,11.20,11.21,11.28,11.17,1290000
25/08/20,11.10,11.20,11.23,11.05,2010000
24/08/20,11.15,10.94,11.16,10.89,2600000
21/08/20,10.96,10.87,10.98,10.87,1230000
20/08/20,11.04,10.97,11.05,10.96,1580000
19/08/20,11.15,11.14,11.28,11.11,1810000
18/08/20,11.11,11.23,11.25,11.09,1880000
17/08/20,11.28,11.38,11.40,11.23,1950000
14/08/20,11.38,11.30,11.42,11.29,2270000
13/08/20,11.41,11.53,11.61,11.37,2470000
12/08/20,11.56,11.76,11.77,11.53,4190000
11/08/20,11.29,11.41,11.46,11.27,2190000
10/08/20,11.16,11.13,11.19,11.10,1430000
07/08/20,11.01,10.81,11.01,10.78,1860000
06/08/20,11.01,10.88,11.02,10.86,1430000
05/08/20,11.04,11.02,11.10,11.02,1430000
04/08/20,10.90,10.85,10.91,10.83,1740000
03/08/20,10.77,10.69,10.84,10.64,2280000
31/07/20,10.56,10.86,10.88,10.52,3770000
30/07/20,10.46,10.35,10.47,10.21,2270000
29/07/20,10.65,10.44,10.65,10.40,1900000
28/07/20,10.54,10.52,10.56,10.47,1540000
27/07/20,10.63,10.54,10.66,10.48,1520000
24/07/20,10.57,10.59,10.65,10.53,1930000
23/07/20,10.60,10.68,10.71,10.54,2460000
22/07/20,10.78,10.75,10.83,10.71,2030000
21/07/20,10.76,10.82,10.88,10.70,2320000
20/07/20,10.69,10.65,10.71,10.62,1770000
17/07/20,10.64,10.67,10.69,10.59,2310000
16/07/20,10.66,10.67,10.76,10.59,2230000
15/07/20,10.75,10.79,10.81,10.67,3310000
14/07/20,10.75,10.64,10.78,10.64,3170000
13/07/20,10.45,10.50,10.58,10.41,3480000
10/07/20,10.57,10.30,10.58,10.28,2320000
09/07/20,10.24,10.45,10.47,10.18,2110000
08/07/20,10.51,10.39,10.55,10.39,2170000
07/07/20,10.37,10.52,10.53,10.36,2590000
06/07/20,10.64,10.64,10.71,10.56,2080000
02/07/20,10.31,10.46,10.52,10.29,2340000
01/07/20,10.17,10.25,10.32,10.13,3130000
30/06/20,10.31,10.17,10.35,10.15,2410000
29/06/20,10.15,10.22,10.31,10.11,2810000
26/06/20,9.99,10.21,10.22,9.94,3650000
25/06/20,10.26,10.02,10.26,9.99,2830000
24/06/20,9.91,10.14,10.14,9.88,2540000
23/06/20,10.35,10.50,10.54,10.34,2040000
22/06/20,10.20,10.17,10.28,10.11,2270000
19/06/20,10.10,10.32,10.32,9.99,3530000
18/06/20,10.17,10.07,10.27,10.05,2940000
17/06/20,10.18,10.32,10.32,10.12,2690000
16/06/20,10.20,10.41,10.48,10.03,3620000
15/06/20,10.02,9.70,10.09,9.65,3410000
12/06/20,9.97,10.09,10.18,9.78,4560000
11/06/20,9.74,10.22,10.35,9.72,7070000
10/06/20,10.53,10.73,10.78,10.52,4380000
09/06/20,10.71,10.63,10.78,10.53,3140000
08/06/20,10.95,10.95,10.97,10.70,3990000
05/06/20,10.47,10.52,10.64,10.39,4100000
04/06/20,10.21,10.09,10.26,9.97,3880000
03/06/20,10.17,10.01,10.24,10.01,4780000
02/06/20,9.59,9.61,9.69,9.52,3040000
01/06/20,9.25,9.12,9.30,9.05,1640000
29/05/20,9.06,9.06,9.15,8.97,4420000
28/05/20,9.31,9.52,9.53,9.28,4560000
27/05/20,9.28,9.22,9.30,9.08,4360000
26/05/20,8.77,8.68,8.86,8.66,5700000
22/05/20,8.26,8.40,8.40,8.18,2650000
21/05/20,8.46,8.45,8.57,8.40,1160000
20/05/20,8.55,8.46,8.59,8.43,3160000
19/05/20,8.31,8.45,8.49,8.29,3640000
18/05/20,8.47,8.25,8.48,8.17,4240000
15/05/20,7.66,7.64,7.72,7.56,4280000
14/05/20,7.78,7.42,7.79,7.33,6600000
13/05/20,7.73,7.86,7.86,7.64,3700000
12/05/20,8.00,8.17,8.22,7.99,2350000
11/05/20,8.18,8.20,8.26,8.12,1860000
08/05/20,8.41,8.36,8.45,8.33,2530000
07/05/20,8.30,8.16,8.41,8.15,2680000
06/05/20,8.13,8.26,8.28,8.10,2430000
05/05/20,8.25,8.37,8.44,8.22,3510000
04/05/20,8.52,8.47,8.58,8.40,2720000
01/05/20,8.67,8.74,8.78,8.60,1910000
30/04/20,9.04,9.07,9.14,8.93,4340000
29/04/20,9.37,9.23,9.46,9.15,3700000
28/04/20,8.84,8.90,8.96,8.78,6320000
27/04/20,8.38,8.12,8.40,8.07,5480000
24/04/20,8.08,8.03,8.12,7.91,6550000
23/04/20,7.88,7.88,8.09,7.80,3900000
22/04/20,7.89,7.94,7.95,7.80,4130000
21/04/20,7.76,7.85,8.01,7.72,4870000
20/04/20,8.13,8.10,8.28,8.03,3120000
17/04/20,8.24,8.08,8.27,8.01,3310000
16/04/20,7.83,7.88,7.92,7.72,3700000
15/04/20,8.09,8.18,8.20,8.04,3910000
14/04/20,8.73,8.79,8.88,8.65,3500000
13/04/20,8.65,8.93,8.93,8.48,2320000
09/04/20,8.87,8.73,8.99,8.70,4600000
08/04/20,8.47,8.39,8.51,8.30,3930000
07/04/20,8.39,8.73,8.79,8.29,4850000
06/04/20,8.31,8.17,8.37,8.12,4210000
03/04/20,7.74,7.82,7.87,7.64,3270000
02/04/20,7.89,7.78,8.09,7.74,3810000
01/04/20,7.67,7.82,7.89,7.60,3410000
31/03/20,8.09,8.19,8.29,7.98,3690000
30/03/20,8.38,8.24,8.41,8.07,4490000
27/03/20,8.33,8.37,8.54,8.17,3730000
26/03/20,8.89,8.53,8.97,8.49,7800000
25/03/20,8.26,8.15,8.56,7.89,6510000
24/03/20,7.83,7.40,7.88,7.31,6450000
23/03/20,6.73,7.15,7.22,6.67,7770000
20/03/20,7.00,7.16,7.34,6.91,9750000
19/03/20,7.50,6.94,7.63,6.74,7350000
18/03/20,6.85,6.55,6.86,6.47,7960000
17/03/20,7.24,6.77,7.24,6.55,7740000
16/03/20,6.67,6.60,7.17,6.56,6790000
13/03/20,8.16,8.40,8.40,7.50,7300000
12/03/20,7.71,8.26,8.43,7.62,6600000
11/03/20,9.07,9.47,9.53,8.97,9100000
10/03/20,9.65,9.69,9.75,9.27,7100000
09/03/20,8.93,9.34,9.49,8.93,5980000
06/03/20,10.35,10.38,10.56,10.27,7140000
05/03/20,10.58,10.69,10.77,10.50,5680000
04/03/20,11.21,11.11,11.22,10.94,4910000
03/03/20,10.93,11.29,11.44,10.84,11190000
02/03/20,11.37,11.10,11.38,10.88,8520000
28/02/20,11.28,11.13,11.32,11.01,9840000
27/02/20,11.59,11.61,11.90,11.55,5600000
26/02/20,12.19,12.34,12.40,12.14,4940000
25/02/20,12.37,12.81,12.81,12.29,4730000
24/02/20,12.83,12.92,13.00,12.81,4570000
21/02/20,13.62,13.65,13.66,13.55,4230000
20/02/20,13.74,13.81,13.86,13.69,1570000
19/02/20,13.76,13.72,13.80,13.69,2200000
18/02/20,13.65,13.67,13.69,13.62,2940000
14/02/20,13.62,13.72,13.74,13.59,1960000
13/02/20,13.65,13.69,13.72,13.61,2360000
12/02/20,13.63,13.62,13.69,13.61,2230000
11/02/20,13.44,13.36,13.49,13.36,1840000
10/02/20,13.18,13.12,13.20,13.11,1610000
07/02/20,13.06,12.99,13.09,12.96,2340000
06/02/20,13.09,13.16,13.16,13.04,1680000
05/02/20,12.98,12.92,13.03,12.86,2310000
04/02/20,12.71,12.76,12.80,12.71,1820000
03/02/20,12.52,12.59,12.68,12.51,1860000
31/01/20,12.61,12.85,12.85,12.56,3970000
30/01/20,13.00,12.74,13.00,12.74,3120000
29/01/20,13.03,13.07,13.10,13.01,1470000
28/01/20,13.01,12.95,13.04,12.90,2400000
27/01/20,13.12,13.14,13.24,13.06,2560000
24/01/20,13.46,13.63,13.65,13.41,1790000
23/01/20,13.54,13.52,13.57,13.39,2030000
22/01/20,13.58,13.60,13.62,13.53,2560000
21/01/20,13.64,13.79,13.80,13.64,2300000
17/01/20,13.87,13.89,13.91,13.85,1870000
16/01/20,13.94,13.93,13.96,13.87,1120000
15/01/20,13.84,13.96,13.96,13.81,2370000
14/01/20,14.02,13.96,14.12,13.96,2720000
13/01/20,13.92,13.80,13.92,13.78,1670000
10/01/20,13.74,13.86,13.86,13.71,1150000
09/01/20,13.95,13.96,13.98,13.88,2450000
08/01/20,13.92,13.86,14.03,13.85,2420000
07/01/20,13.79,13.80,13.85,13.73,2060000
06/01/20,13.53,13.39,13.56,13.39,1380000
03/01/20,13.48,13.45,13.54,13.41,2260000
02/01/20,13.75,13.56,13.76,13.52,2180000
31/12/19,13.45,13.38,13.46,13.37,1350000
30/12/19,13.43,13.51,13.52,13.43,1740000
27/12/19,13.41,13.42,13.46,13.39,2090000
26/12/19,13.26,13.20,13.30,13.20,617130
24/12/19,13.22,13.20,13.22,13.19,510440
23/12/19,13.24,13.30,13.36,13.21,1330000
20/12/19,13.24,13.33,13.41,13.22,3150000
19/12/19,13.54,13.58,13.60,13.52,1030000
18/12/19,13.61,13.68,13.70,13.60,1380000
17/12/19,13.63,13.57,13.68,13.56,1610000
16/12/19,13.50,13.57,13.62,13.50,1480000
13/12/19,13.34,13.41,13.51,13.29,2170000
12/12/19,13.31,13.17,13.36,13.14,3250000
11/12/19,12.95,13.01,13.04,12.92,1580000
10/12/19,13.06,13.08,13.10,13.02,1670000
09/12/19,13.12,13.13,13.17,13.11,1290000
06/12/19,13.08,13.08,13.11,13.04,1350000
05/12/19,12.99,13.02,13.02,12.94,1300000
04/12/19,12.94,12.85,12.96,12.81,1540000
03/12/19,12.83,12.82,12.84,12.74,2770000
02/12/19,13.11,13.11,13.13,13.02,2670000
29/11/19,13.09,13.16,13.16,13.07,926490
27/11/19,13.29,13.31,13.31,13.26,1510000
26/11/19,13.27,13.31,13.32,13.18,1480000
25/11/19,13.33,13.24,13.36,13.23,1570000
22/11/19,13.27,13.21,13.30,13.21,1790000
21/11/19,13.15,13.14,13.18,13.06,1630000
20/11/19,13.01,13.01,13.09,12.95,1470000
19/11/19,13.05,13.08,13.11,13.02,1270000
18/11/19,13.01,12.98,13.02,12.94,1080000
15/11/19,13.02,13.00,13.04,12.96,1450000
14/11/19,12.85,12.85,12.88,12.78,969490
13/11/19,12.85,12.82,12.88,12.81,1750000
12/11/19,13.04,13.05,13.10,13.00,1330000
11/11/19,13.09,12.98,13.09,12.98,1410000
08/11/19,13.06,13.09,13.10,13.02,1350000
07/11/19,13.13,13.12,13.23,13.11,1910000
06/11/19,12.98,13.02,13.07,12.96,1600000
05/11/19,13.04,13.03,13.09,12.98,1630000
04/11/19,13.07,12.98,13.08,12.96,2350000
01/11/19,12.62,12.53,12.64,12.53,1970000
31/10/19,12.38,12.36,12.38,12.19,2100000
30/10/19,12.53,12.47,12.54,12.33,2410000
29/10/19,12.71,12.73,12.79,12.70,2320000
28/10/19,12.69,12.69,12.79,12.69,4200000
25/10/19,12.57,12.48,12.61,12.48,1350000
24/10/19,12.50,12.62,12.63,12.43,1850000
23/10/19,12.60,12.53,12.61,12.48,1260000
22/10/19,12.47,12.51,12.57,12.46,1800000
21/10/19,12.49,12.55,12.59,12.48,1780000
18/10/19,12.33,12.29,12.34,12.27,1680000
17/10/19,12.29,12.43,12.45,12.25,2410000
16/10/19,12.32,12.30,12.39,12.30,2170000
15/10/19,12.19,12.09,12.29,12.05,3270000
14/10/19,11.98,11.98,12.01,11.95,1520000
11/10/19,11.94,11.98,12.08,11.93,3660000
10/10/19,11.62,11.57,11.65,11.55,3260000
09/10/19,11.42,11.43,11.50,11.39,2850000
08/10/19,11.43,11.42,11.52,11.38,3540000
07/10/19,11.48,11.50,11.60,11.48,2060000
04/10/19,11.55,11.41,11.56,11.38,2420000
03/10/19,11.49,11.48,11.50,11.35,3790000
02/10/19,11.59,11.70,11.73,11.55,2740000
01/10/19,11.88,12.10,12.11,11.81,3410000
30/09/19,12.21,12.28,12.28,12.20,2340000
27/09/19,12.16,12.17,12.21,12.11,2670000
26/09/19,12.19,12.23,12.27,12.18,2520000
25/09/19,12.24,12.11,12.28,12.09,4240000
24/09/19,12.40,12.53,12.55,12.37,3540000
23/09/19,12.59,12.62,12.67,12.52,2600000
20/09/19,12.82,12.93,12.96,12.81,2060000
19/09/19,12.86,12.96,12.98,12.85,1870000
18/09/19,12.78,12.75,12.83,12.71,1550000
17/09/19,12.78,12.71,12.80,12.66,2720000
16/09/19,12.95,12.95,12.99,12.90,2950000
13/09/19,13.12,13.21,13.24,13.11,2890000
12/09/19,12.98,12.92,13.07,12.87,3520000
11/09/19,13.04,13.02,13.06,12.88,3190000
10/09/19,12.90,12.96,12.98,12.82,3470000
09/09/19,12.59,12.50,12.63,12.49,3310000
06/09/19,12.23,12.28,12.32,12.20,4800000
05/09/19,12.16,12.11,12.26,12.11,3350000
04/09/19,11.84,11.79,11.87,11.77,1890000
03/09/19,11.63,11.67,11.70,11.57,3850000
30/08/19,11.68,11.69,11.72,11.61,2360000
29/08/19,11.53,11.49,11.55,11.46,1840000
28/08/19,11.35,11.26,11.41,11.24,1700000
27/08/19,11.31,11.43,11.47,11.26,2040000
26/08/19,11.41,11.43,11.44,11.35,1880000
23/08/19,11.29,11.45,11.54,11.24,3210000
22/08/19,11.48,11.50,11.54,11.41,1880000
21/08/19,11.34,11.38,11.40,11.32,1210000
20/08/19,11.28,11.32,11.34,11.23,2540000
19/08/19,11.39,11.42,11.43,11.35,1710000
16/08/19,11.27,11.12,11.29,11.12,2660000
15/08/19,11.00,11.04,11.12,10.98,3690000
14/08/19,10.96,11.09,11.09,10.94,3800000
13/08/19,11.39,11.27,11.49,11.26,2720000
12/08/19,11.29,11.38,11.41,11.23,2350000
09/08/19,11.58,11.54,11.63,11.50,2210000
08/08/19,11.58,11.45,11.60,11.41,2040000
07/08/19,11.43,11.28,11.47,11.23,3690000
06/08/19,11.50,11.49,11.51,11.32,2720000
05/08/19,11.37,11.52,11.53,11.31,4390000
02/08/19,11.74,11.64,11.77,11.50,3540000
01/08/19,11.83,12.12,12.19,11.82,3670000
31/07/19,12.07,12.29,12.32,12.03,4050000
30/07/19,11.93,11.79,11.93,11.72,2860000
29/07/19,12.00,12.09,12.11,12.00,2170000
26/07/19,12.05,12.08,12.09,12.01,1950000
25/07/19,12.13,12.31,12.32,12.06,2890000
24/07/19,12.48,12.36,12.48,12.36,1900000
23/07/19,12.61,12.52,12.62,12.52,2090000
22/07/19,12.31,12.37,12.38,12.27,1700000
19/07/19,12.24,12.28,12.34,12.23,2480000
18/07/19,12.43,12.35,12.45,12.33,2470000
17/07/19,12.32,12.46,12.46,12.30,3230000
16/07/19,12.37,12.57,12.58,12.37,2550000
15/07/19,12.27,12.33,12.35,12.26,1770000
12/07/19,12.31,12.35,12.35,12.24,2050000
11/07/19,12.20,12.16,12.22,12.13,3950000
10/07/19,12.01,12.15,12.19,12.01,2090000
09/07/19,11.94,11.89,11.97,11.88,2610000
08/07/19,12.03,12.09,12.13,11.99,2260000
05/07/19,12.25,12.33,12.41,12.21,2540000
03/07/19,12.10,12.11,12.15,12.08,1420000
02/07/19,11.97,11.94,11.99,11.91,1440000
01/07/19,12.04,12.15,12.18,11.95,2350000
28/06/19,11.97,11.96,12.04,11.95,2840000
27/06/19,12.02,12.04,12.10,11.97,3020000
26/06/19,11.72,11.75,11.82,11.71,2650000
25/06/19,11.58,11.60,11.64,11.54,1360000
24/06/19,11.66,11.75,11.78,11.63,2110000
21/06/19,11.70,11.68,11.76,11.66,2460000
20/06/19,11.82,11.85,11.88,11.70,1760000
19/06/19,11.73,11.84,11.86,11.72,2290000
18/06/19,11.60,11.48,11.72,11.48,3330000
17/06/19,11.40,11.48,11.53,11.38,2440000
14/06/19,11.45,11.44,11.47,11.37,1870000
13/06/19,11.54,11.52,11.57,11.48,2100000
12/06/19,11.49,11.52,11.55,11.45,1990000
11/06/19,11.72,11.77,11.79,11.69,1400000
10/06/19,11.63,11.60,11.73,11.60,1610000
07/06/19,11.54,11.57,11.63,11.52,1350000
06/06/19,11.60,11.67,11.70,11.50,2610000
05/06/19,11.71,11.76,11.76,11.65,1960000
04/06/19,11.74,11.57,11.75,11.52,3630000
03/06/19,11.30,11.19,11.32,11.16,4060000
31/05/19,11.27,11.26,11.33,11.23,3050000
30/05/19,11.44,11.46,11.53,11.35,1520000
29/05/19,11.47,11.34,11.47,11.29,3460000
28/05/19,11.52,11.60,11.62,11.51,2410000
24/05/19,11.64,11.60,11.67,11.55,1990000
23/05/19,11.54,11.50,11.54,11.42,1920000
22/05/19,11.74,11.80,11.83,11.73,1330000
21/05/19,11.90,11.74,11.94,11.70,2650000
20/05/19,11.73,11.69,11.79,11.67,1830000
17/05/19,11.79,11.74,11.89,11.72,1900000
16/05/19,11.92,11.87,12.00,11.87,1330000
15/05/19,11.86,11.74,11.94,11.71,2000000
14/05/19,11.86,11.77,11.95,11.75,1870000
13/05/19,11.76,11.92,11.93,11.75,3360000
10/05/19,12.33,12.22,12.38,12.17,2190000
09/05/19,12.31,12.19,12.34,12.10,2640000
08/05/19,12.45,12.52,12.59,12.44,2930000
07/05/19,12.41,12.56,12.58,12.37,3280000
06/05/19,12.69,12.63,12.74,12.60,3940000
03/05/19,12.97,12.95,12.99,12.85,1540000
02/05/19,13.24,13.28,13.30,13.15,1830000
01/05/19,13.18,13.24,13.37,13.18,2850000
30/04/19,13.30,13.43,13.44,13.25,3120000
29/04/19,13.52,13.45,13.56,13.45,1670000
26/04/19,13.41,13.37,13.43,13.34,1550000
25/04/19,13.31,13.32,13.39,13.26,3640000
24/04/19,13.20,13.26,13.32,13.18,4530000
23/04/19,13.26,13.25,13.27,13.11,4750000
22/04/19,13.40,13.39,13.45,13.31,2210000
18/04/19,13.44,13.44,13.50,13.39,2800000
17/04/19,13.60,13.47,13.62,13.45,3330000
16/04/19,13.26,13.19,13.28,13.14,4050000
15/04/19,12.91,13.03,13.04,12.87,3440000
12/04/19,12.84,12.88,12.94,12.75,3680000
11/04/19,12.44,12.38,12.52,12.35,2540000
10/04/19,12.21,12.22,12.25,12.14,1590000
09/04/19,12.21,12.23,12.26,12.15,1950000
08/04/19,12.24,12.20,12.26,12.18,1400000
05/04/19,12.24,12.28,12.33,12.22,1940000
04/04/19,12.32,12.26,12.38,12.26,2280000
03/04/19,12.24,12.25,12.31,12.17,3050000
02/04/19,12.06,12.04,12.10,11.97,3250000
01/04/19,12.03,11.85,12.05,11.85,4940000
29/03/19,11.65,11.64,11.69,11.56,2700000
28/03/19,11.50,11.44,11.51,11.38,2880000
27/03/19,11.48,11.60,11.62,11.42,3100000
26/03/19,11.45,11.39,11.46,11.33,4210000
25/03/19,11.39,11.40,11.46,11.31,4370000
22/03/19,11.51,11.68,11.72,11.44,6500000
21/03/19,11.91,11.88,11.92,11.83,4020000
20/03/19,12.01,12.08,12.13,11.99,4940000
19/03/19,12.36,12.52,12.54,12.32,3780000
18/03/19,12.35,12.30,12.39,12.28,2360000
15/03/19,12.06,12.01,12.10,12.00,2390000
14/03/19,12.03,11.97,12.07,11.93,2050000
13/03/19,11.98,11.88,12.00,11.87,2960000
12/03/19,11.81,11.74,11.84,11.72,2690000
11/03/19,11.93,11.87,11.96,11.85,1640000
08/03/19,11.75,11.60,11.78,11.59,2400000
07/03/19,11.84,12.00,12.01,11.77,3480000
06/03/19,12.13,12.24,12.27,12.12,2990000
05/03/19,12.23,12.32,12.34,12.15,2810000
04/03/19,12.42,12.51,12.54,12.33,3330000
01/03/19,12.36,12.44,12.52,12.33,2780000
28/02/19,12.31,12.43,12.44,12.30,2400000
27/02/19,12.33,12.27,12.39,12.26,2860000
26/02/19,12.19,12.17,12.28,12.14,3540000
25/02/19,12.08,12.08,12.16,12.05,3430000
22/02/19,11.87,11.94,11.94,11.85,1970000
21/02/19,11.89,11.92,11.97,11.86,3030000
20/02/19,12.02,11.87,12.06,11.86,2820000
19/02/19,11.90,11.71,11.96,11.68,2970000
15/02/19,11.75,11.65,11.77,11.60,8240000
14/02/19,11.56,11.59,11.63,11.44,6720000
13/02/19,11.99,12.00,12.05,11.90,4350000
12/02/19,11.88,11.78,11.91,11.78,2340000
11/02/19,11.68,11.75,11.76,11.64,3030000
08/02/19,11.70,11.63,11.70,11.50,4020000
07/02/19,11.84,11.97,11.98,11.79,3680000
06/02/19,12.12,12.11,12.16,12.09,2260000
05/02/19,12.14,12.06,12.16,12.02,2610000
04/02/19,11.98,11.91,11.98,11.85,1810000
01/02/19,12.01,11.94,12.07,11.91,2550000
31/01/19,12.11,12.03,12.12,11.96,3400000
30/01/19,12.42,12.39,12.48,12.34,2260000
29/01/19,12.34,12.38,12.46,12.32,1640000
28/01/19,12.35,12.32,12.35,12.22,5120000
25/01/19,12.48,12.43,12.55,12.42,2270000
24/01/19,12.31,12.32,12.40,12.24,2820000
23/01/19,12.31,12.33,12.35,12.19,3370000
22/01/19,12.20,12.19,12.31,12.13,3770000
18/01/19,12.37,12.26,12.41,12.20,3690000
17/01/19,12.15,12.03,12.21,11.99,3110000
16/01/19,12.19,12.02,12.25,12.01,5370000
15/01/19,11.88,11.81,11.89,11.73,3240000
14/01/19,11.90,11.67,11.97,11.66,5270000
11/01/19,11.82,11.74,11.89,11.70,3040000
10/01/19,11.75,11.71,11.79,11.68,3700000
09/01/19,11.56,11.61,11.69,11.49,2970000
08/01/19,11.55,11.59,11.61,11.44,2810000
07/01/19,11.39,11.34,11.48,11.26,2890000
04/01/19,11.31,11.14,11.36,11.11,6770000
03/01/19,10.95,11.01,11.04,10.89,4670000
02/01/19,11.04,10.71,11.10,10.67,3650000
31/12/18,10.86,10.86,10.95,10.70,4880000
28/12/18,10.87,10.98,11.01,10.80,6330000
27/12/18,10.67,10.58,10.68,10.38,6220000
26/12/18,10.80,10.45,10.80,10.23,4910000
24/12/18,10.42,10.44,10.59,10.36,3620000
21/12/18,10.51,10.71,10.82,10.50,6170000
20/12/18,10.53,10.60,10.67,10.45,5420000
19/12/18,10.72,11.02,11.09,10.64,6350000
18/12/18,10.89,11.07,11.11,10.82,4930000
17/12/18,10.94,11.06,11.19,10.91,6900000
14/12/18,11.10,11.18,11.29,11.06,4020000
13/12/18,11.26,11.44,11.45,11.21,4320000
12/12/18,11.32,11.29,11.49,11.22,8480000
11/12/18,10.92,11.25,11.26,10.86,8640000
10/12/18,11.00,11.13,11.21,10.85,9280000
07/12/18,11.11,11.29,11.38,11.04,6210000
06/12/18,11.33,11.13,11.35,11.05,8690000
04/12/18,11.64,11.98,11.99,11.56,6950000
03/12/18,12.09,12.17,12.21,12.01,3910000
30/11/18,11.82,11.75,11.86,11.73,2270000
29/11/18,11.93,12.00,12.05,11.88,3560000
28/11/18,12.11,11.90,12.13,11.79,4880000
27/11/18,11.93,11.87,11.98,11.81,4320000
26/11/18,12.09,12.03,12.15,12.03,3210000
23/11/18,11.79,11.76,11.86,11.76,2000000
21/11/18,11.96,11.93,12.09,11.87,3710000
20/11/18,11.72,11.86,11.90,11.69,6970000
19/11/18,12.30,12.34,12.42,12.21,3120000
16/11/18,12.38,12.33,12.42,12.26,2390000
15/11/18,12.42,12.28,12.45,12.22,5230000
14/11/18,12.42,12.58,12.60,12.27,4470000
13/11/18,12.51,12.43,12.66,12.41,5090000
12/11/18,12.49,12.70,12.71,12.47,3820000
09/11/18,12.83,12.85,12.90,12.77,3030000
08/11/18,12.90,13.07,13.15,12.87,2460000
07/11/18,13.05,13.05,13.09,12.93,3400000
06/11/18,12.79,12.76,12.83,12.73,2260000
05/11/18,12.76,12.84,12.88,12.71,2990000
02/11/18,12.84,13.06,13.11,12.78,6000000
01/11/18,12.92,12.93,12.98,12.72,6710000
31/10/18,12.93,12.90,13.15,12.89,5620000
30/10/18,12.81,12.77,12.83,12.65,5770000
29/10/18,12.50,12.82,12.87,12.41,5670000
26/10/18,12.48,12.48,12.60,12.34,5330000
25/10/18,12.46,12.49,12.56,12.42,3760000
24/10/18,12.25,12.62,12.63,12.24,4920000
23/10/18,12.85,12.74,12.92,12.66,4550000
22/10/18,13.01,13.17,13.18,12.98,2400000
19/10/18,13.14,13.14,13.25,13.09,3030000
18/10/18,13.15,13.44,13.46,13.14,3150000
17/10/18,13.58,13.58,13.70,13.44,2260000
16/10/18,13.59,13.61,13.61,13.52,2420000
15/10/18,13.52,13.52,13.62,13.47,3330000
12/10/18,13.50,13.76,13.76,13.34,4630000
11/10/18,13.42,13.60,13.68,13.37,5470000
10/10/18,13.76,14.12,14.12,13.76,2750000
09/10/18,14.04,14.01,14.12,13.95,2480000
08/10/18,14.17,14.04,14.19,14.02,2890000
05/10/18,14.31,14.43,14.45,14.22,2720000
04/10/18,14.56,14.63,14.71,14.41,4000000
03/10/18,14.67,14.58,14.71,14.54,3480000
02/10/18,14.61,14.62,14.64,14.52,2650000
01/10/18,14.88,14.90,14.96,14.78,2190000
28/09/18,14.94,14.97,15.13,14.93,2670000
27/09/18,15.39,15.39,15.56,15.37,2440000
26/09/18,15.55,15.62,15.71,15.53,1790000
25/09/18,15.64,15.75,15.80,15.61,1030000
24/09/18,15.69,15.95,15.97,15.68,1400000
21/09/18,15.94,15.98,15.99,15.87,2400000
20/09/18,15.87,15.90,15.95,15.80,3580000
19/09/18,15.40,15.21,15.45,15.21,2560000
18/09/18,15.09,15.07,15.15,15.07,1180000
17/09/18,15.06,15.02,15.11,15.02,1590000
14/09/18,14.94,14.91,14.97,14.89,1370000
13/09/18,14.94,15.02,15.06,14.85,1600000
12/09/18,14.78,14.76,14.88,14.76,2190000
11/09/18,14.93,14.73,14.95,14.70,2130000
10/09/18,14.84,14.96,14.98,14.82,1410000
07/09/18,14.85,14.85,14.94,14.81,1880000
06/09/18,15.02,15.14,15.19,14.96,1770000
05/09/18,15.09,15.29,15.32,15.07,1670000
04/09/18,15.11,15.01,15.13,14.92,1380000
31/08/18,14.95,14.97,15.03,14.90,1570000
30/08/18,15.05,15.09,15.13,15.00,1970000
29/08/18,15.25,15.19,15.27,15.12,1310000
28/08/18,15.17,15.21,15.29,15.16,1370000
27/08/18,15.17,15.02,15.21,15.01,2150000
24/08/18,14.95,15.01,15.04,14.95,1610000
23/08/18,14.88,14.90,14.94,14.82,1780000
22/08/18,14.95,14.98,15.00,14.88,1510000
21/08/18,15.06,15.09,15.15,15.05,1990000
20/08/18,14.86,14.83,14.90,14.81,1180000
17/08/18,14.81,14.73,14.84,14.69,1110000
16/08/18,14.83,14.88,14.95,14.81,1730000
15/08/18,14.87,14.80,14.92,14.72,1610000
14/08/18,15.09,15.07,15.12,15.00,1620000
13/08/18,15.00,15.07,15.16,14.99,3080000
10/08/18,15.27,15.28,15.32,15.16,2280000
09/08/18,15.67,15.77,15.79,15.62,1420000
08/08/18,15.79,15.78,15.85,15.75,1340000
07/08/18,15.77,15.81,15.94,15.75,2150000
06/08/18,15.60,15.57,15.63,15.46,1980000
03/08/18,15.79,15.83,15.88,15.78,2250000
02/08/18,15.90,15.80,15.94,15.75,2170000
01/08/18,16.02,16.07,16.12,15.94,1760000
31/07/18,16.06,16.28,16.30,16.04,1990000
30/07/18,15.84,15.90,15.97,15.83,2060000
27/07/18,15.69,15.68,15.78,15.64,1270000
26/07/18,15.58,15.67,15.68,15.54,2420000
25/07/18,15.69,15.67,15.70,15.51,1560000
24/07/18,15.68,15.73,15.77,15.65,2490000
23/07/18,15.43,15.38,15.47,15.37,1240000
20/07/18,15.25,15.13,15.28,15.12,1750000
19/07/18,15.19,15.34,15.35,15.15,2910000
18/07/18,15.27,15.23,15.34,15.20,1670000
17/07/18,15.14,15.12,15.20,15.09,1510000
16/07/18,15.24,15.11,15.26,15.08,2730000
13/07/18,14.81,14.86,14.87,14.72,1090000
12/07/18,14.81,14.76,14.85,14.71,1790000
11/07/18,14.85,14.89,15.02,14.82,1570000
10/07/18,15.21,15.18,15.24,15.13,1510000
09/07/18,15.35,15.10,15.38,15.10,4340000
06/07/18,15.03,14.92,15.05,14.88,1330000
05/07/18,15.00,15.06,15.08,14.96,1690000
03/07/18,14.87,15.02,15.04,14.85,1140000
02/07/18,14.85,14.73,14.89,14.73,1880000
29/06/18,14.88,14.99,15.09,14.88,2710000
28/06/18,14.84,14.74,14.88,14.63,2120000
27/06/18,14.73,14.87,14.99,14.70,2060000
26/06/18,14.97,14.97,15.04,14.80,1850000
25/06/18,15.00,15.10,15.12,14.93,3140000
22/06/18,15.42,15.41,15.53,15.36,1880000
21/06/18,15.02,15.11,15.14,14.98,2010000
20/06/18,15.20,15.38,15.38,15.20,1880000
19/06/18,15.12,15.09,15.14,14.99,2830000
18/06/18,15.22,15.19,15.24,15.12,1980000
15/06/18,15.42,15.29,15.48,15.24,2380000
14/06/18,15.68,15.65,15.75,15.62,1890000
13/06/18,15.69,15.69,15.85,15.60,2460000
12/06/18,15.78,15.96,15.97,15.71,1950000
11/06/18,15.87,15.84,15.97,15.79,2270000
08/06/18,15.39,15.47,15.49,15.32,1900000
07/06/18,15.53,15.65,15.65,15.44,3020000
06/06/18,15.58,15.33,15.60,15.33,2220000
05/06/18,15.33,15.51,15.54,15.29,2830000
04/06/18,15.69,15.69,15.72,15.60,2030000
01/06/18,15.62,15.57,15.68,15.52,3310000
31/05/18,15.40,15.31,15.48,15.14,5890000
30/05/18,15.54,15.46,15.59,15.36,2720000
29/05/18,15.26,15.59,15.77,15.16,7510000
25/05/18,16.29,16.22,16.31,16.17,1600000
24/05/18,16.32,16.35,16.39,16.20,3240000
23/05/18,16.60,16.62,16.69,16.44,2680000
22/05/18,16.92,16.90,17.03,16.89,1830000
21/05/18,16.65,16.69,16.74,16.61,1260000
18/05/18,16.63,16.68,16.70,16.58,1110000
17/05/18,16.73,16.70,16.80,16.66,1100000
16/05/18,16.73,16.68,16.78,16.63,1260000
15/05/18,16.84,16.72,16.97,16.71,1670000
14/05/18,16.88,16.88,16.95,16.82,1360000
11/05/18,16.99,17.16,17.16,16.96,2600000
10/05/18,16.79,16.77,16.82,16.71,1630000
09/05/18,16.76,16.69,16.80,16.62,2100000
08/05/18,16.52,16.44,16.59,16.43,1330000
07/05/18,16.46,16.37,16.52,16.36,1810000
04/05/18,16.34,16.18,16.43,16.16,2760000
03/05/18,16.52,16.62,16.64,16.35,2300000
02/05/18,16.61,16.74,16.77,16.57,1660000
01/05/18,16.68,16.75,16.75,16.51,2670000
30/04/18,16.77,16.88,16.94,16.77,2280000
27/04/18,16.97,16.96,17.00,16.86,1750000
26/04/18,17.16,17.22,17.23,17.10,2120000
25/04/18,16.97,17.15,17.15,16.91,3660000
24/04/18,16.29,16.47,16.57,16.18,2570000
23/04/18,16.54,16.61,16.70,16.50,1650000
20/04/18,16.56,16.54,16.64,16.50,1430000
19/04/18,16.59,16.48,16.61,16.48,1750000
18/04/18,16.44,16.52,16.54,16.40,1580000
17/04/18,16.46,16.48,16.57,16.41,1980000
16/04/18,16.37,16.42,16.44,16.32,1300000
13/04/18,16.37,16.64,16.64,16.31,1380000
12/04/18,16.48,16.40,16.54,16.38,1440000
11/04/18,16.33,16.49,16.50,16.31,1120000
10/04/18,16.53,16.54,16.63,16.46,1570000
09/04/18,16.24,16.28,16.48,16.23,1560000
06/04/18,16.16,16.44,16.50,16.06,2800000
05/04/18,16.49,16.45,16.54,16.41,2490000
04/04/18,16.30,16.00,16.30,15.97,3100000
03/04/18,16.47,16.41,16.50,16.28,1720000
02/04/18,16.45,16.79,16.85,16.28,3050000
29/03/18,16.79,16.68,16.85,16.61,2280000
28/03/18,16.58,16.55,16.76,16.41,4470000
27/03/18,16.55,16.86,16.89,16.46,2520000
26/03/18,16.87,16.91,16.95,16.64,2850000
23/03/18,16.65,17.07,17.11,16.65,3960000
22/03/18,16.90,17.22,17.26,16.86,4460000
21/03/18,17.64,17.75,17.80,17.38,4140000
20/03/18,18.06,18.05,18.17,17.97,2500000
19/03/18,18.05,18.29,18.32,17.86,2170000
16/03/18,18.25,18.24,18.33,18.21,1910000
15/03/18,18.12,18.00,18.18,17.98,1900000
14/03/18,18.03,18.23,18.23,17.96,1940000
13/03/18,18.07,18.49,18.51,18.03,2210000
12/03/18,18.38,18.35,18.46,18.28,1700000
09/03/18,18.22,18.05,18.23,18.02,1790000
08/03/18,18.13,18.15,18.23,18.03,1650000
07/03/18,18.13,17.97,18.17,17.93,1470000
06/03/18,18.14,18.16,18.22,18.03,2010000
05/03/18,17.98,17.75,18.05,17.70,2460000
02/03/18,17.94,17.82,17.96,17.64,2930000
01/03/18,18.06,18.26,18.37,17.91,3010000
28/02/18,18.36,18.78,18.79,18.35,2320000
27/02/18,18.74,18.73,18.88,18.71,1860000
26/02/18,18.76,18.61,18.79,18.55,2290000
23/02/18,18.72,18.58,18.72,18.55,2370000
22/02/18,18.56,18.67,18.75,18.52,2510000
21/02/18,18.59,18.70,18.87,18.58,2910000
20/02/18,18.60,18.64,18.77,18.50,3380000
16/02/18,18.78,18.61,18.83,18.59,2210000
15/02/18,18.74,18.78,18.79,18.45,2770000
14/02/18,18.66,17.99,18.72,17.98,6400000
13/02/18,17.68,17.61,17.72,17.55,2630000
12/02/18,17.62,17.48,17.77,17.35,4370000
09/02/18,17.56,17.41,17.66,17.05,6910000
08/02/18,17.19,18.07,18.08,17.17,7350000
07/02/18,18.03,17.92,18.20,17.88,8720000
06/02/18,18.00,18.06,18.29,17.58,17770000
05/02/18,18.37,18.94,19.10,18.35,5400000
02/02/18,19.13,19.47,19.49,19.12,3250000
01/02/18,19.71,19.56,19.77,19.55,2430000
31/01/18,19.34,19.33,19.51,19.29,2720000
30/01/18,19.40,19.45,19.47,19.34,2470000
29/01/18,19.62,19.79,19.84,19.59,2010000
26/01/18,19.98,19.80,19.98,19.78,2310000
25/01/18,19.62,19.75,19.79,19.56,2330000
24/01/18,19.64,19.77,19.84,19.48,4010000
23/01/18,19.32,19.38,19.38,19.24,2400000
22/01/18,19.34,19.17,19.34,19.16,2160000
19/01/18,19.06,18.95,19.07,18.91,2600000
18/01/18,18.93,18.82,19.02,18.79,3340000
17/01/18,18.72,18.63,18.81,18.55,3280000
16/01/18,18.85,19.02,19.08,18.78,3800000
12/01/18,18.96,18.79,18.96,18.79,2610000
11/01/18,18.75,18.55,18.75,18.55,3430000
10/01/18,18.30,18.27,18.35,18.21,4110000
09/01/18,18.01,18.10,18.14,18.00,2750000
08/01/18,18.17,18.12,18.20,18.09,1770000
05/01/18,18.10,18.30,18.33,17.92,2880000
04/01/18,18.29,18.21,18.34,18.20,2040000
03/01/18,18.06,17.87,18.12,17.84,1970000
02/01/18,17.88,17.88,17.97,17.83,1090000
29/12/17,17.85,17.82,17.92,17.79,1400000
28/12/17,17.86,17.85,17.90,17.80,975350
27/12/17,17.79,17.83,17.84,17.74,1550000
26/12/17,17.90,17.90,17.98,17.84,1790000
22/12/17,17.96,17.95,18.01,17.92,1630000
21/12/17,18.02,17.78,18.09,17.78,3270000
20/12/17,17.61,17.76,17.80,17.59,2100000
19/12/17,17.78,17.81,17.84,17.73,1740000
18/12/17,17.86,17.77,17.88,17.77,1940000
15/12/17,17.61,17.57,17.67,17.52,2330000
14/12/17,17.52,17.60,17.68,17.50,2980000
13/12/17,17.51,17.63,17.69,17.49,2950000
12/12/17,17.49,17.38,17.53,17.37,3200000
11/12/17,17.43,17.39,17.45,17.34,2020000
08/12/17,17.43,17.31,17.44,17.24,3410000
07/12/17,16.87,16.79,16.91,16.78,2160000
06/12/17,16.77,16.80,16.90,16.74,2000000
05/12/17,16.88,17.12,17.15,16.88,2670000
04/12/17,17.20,17.30,17.30,17.12,2790000
01/12/17,17.13,17.04,17.16,16.92,4670000
30/11/17,16.90,17.12,17.12,16.83,5390000
29/11/17,16.65,16.69,16.74,16.50,4520000
28/11/17,16.64,16.39,16.64,16.35,2280000
27/11/17,16.47,16.54,16.62,16.45,1720000
24/11/17,16.72,16.70,16.74,16.67,1040000
22/11/17,16.57,16.61,16.69,16.52,2540000
21/11/17,16.40,16.44,16.50,16.39,2610000
20/11/17,16.12,16.20,16.20,16.07,2360000
17/11/17,16.10,15.94,16.15,15.90,1630000
16/11/17,15.98,16.04,16.08,15.98,1430000
15/11/17,15.89,15.73,15.93,15.69,2460000
14/11/17,15.92,15.91,15.95,15.88,1840000
13/11/17,15.87,15.77,15.95,15.76,1830000
10/11/17,16.03,16.07,16.12,16.01,1950000
09/11/17,16.03,15.99,16.06,15.89,2190000
08/11/17,16.15,16.11,16.21,16.05,1700000
07/11/17,16.07,16.20,16.22,16.04,2630000
06/11/17,16.16,15.97,16.20,15.93,2690000
03/11/17,16.17,16.12,16.18,16.05,2870000
02/11/17,16.38,16.32,16.46,16.27,6320000
01/11/17,15.61,15.51,15.64,15.46,3210000
31/10/17,15.72,15.90,15.92,15.71,3230000
30/10/17,15.92,15.86,15.93,15.81,2770000
27/10/17,15.79,15.78,15.88,15.74,3230000
26/10/17,15.96,16.04,16.12,15.94,3000000
25/10/17,16.12,16.19,16.21,16.02,3450000
24/10/17,16.17,16.20,16.27,16.16,3360000
23/10/17,16.04,16.11,16.19,16.01,4700000
20/10/17,16.10,16.07,16.17,16.03,2460000
19/10/17,15.92,15.85,15.96,15.84,2420000
18/10/17,15.91,15.97,16.01,15.87,2330000
17/10/17,16.02,15.97,16.04,15.91,4600000
16/10/17,15.91,15.79,15.93,15.77,3760000
13/10/17,15.83,15.74,15.85,15.71,1520000
12/10/17,15.72,15.78,15.79,15.70,1870000
11/10/17,15.81,15.79,15.84,15.74,1410000
10/10/17,15.94,15.78,15.95,15.77,2070000
09/10/17,15.80,15.89,15.89,15.76,1880000
06/10/17,16.05,16.05,16.10,15.98,2490000
05/10/17,15.95,15.75,15.95,15.72,2760000
04/10/17,15.80,15.80,15.94,15.79,2610000
03/10/17,15.96,15.84,15.99,15.84,3590000
02/10/17,15.75,15.74,15.79,15.70,1880000
29/09/17,15.80,15.71,15.83,15.71,2340000
28/09/17,15.72,15.66,15.75,15.62,1570000
27/09/17,15.72,15.71,15.75,15.60,2480000
26/09/17,15.51,15.50,15.57,15.46,2230000
25/09/17,15.48,15.54,15.60,15.41,1840000
22/09/17,15.68,15.67,15.73,15.64,822910
21/09/17,15.65,15.63,15.71,15.63,1920000
20/09/17,15.60,15.57,15.64,15.49,1660000
19/09/17,15.59,15.57,15.62,15.53,2400000
18/09/17,15.47,15.52,15.56,15.42,1460000
15/09/17,15.44,15.42,15.49,15.37,2730000
14/09/17,15.41,15.46,15.49,15.35,2920000
13/09/17,15.38,15.46,15.51,15.33,2610000
12/09/17,15.35,15.33,15.47,15.32,4230000
11/09/17,15.05,14.95,15.15,14.93,3820000
08/09/17,14.68,14.72,14.78,14.66,2890000
07/09/17,14.57,14.69,14.69,14.53,2950000
06/09/17,14.65,14.51,14.72,14.47,3370000
05/09/17,14.45,14.60,14.61,14.37,3630000
01/09/17,14.68,14.67,14.73,14.63,1320000
31/08/17,14.64,14.65,14.69,14.60,3980000
30/08/17,14.64,14.66,14.73,14.60,2950000
29/08/17,14.74,14.78,14.82,14.74,1780000
28/08/17,14.99,15.06,15.06,14.97,2150000
25/08/17,15.01,15.02,15.10,14.99,1990000
24/08/17,14.86,14.98,15.00,14.84,1940000
23/08/17,14.81,14.74,14.89,14.72,1670000
22/08/17,14.86,14.79,14.90,14.79,1650000
21/08/17,14.77,14.82,14.84,14.72,2270000
18/08/17,14.88,14.84,14.97,14.81,3190000
17/08/17,14.70,14.85,14.92,14.67,4250000
16/08/17,14.98,14.99,15.04,14.94,2440000
15/08/17,14.97,14.99,15.02,14.93,2450000
14/08/17,15.01,15.00,15.12,14.99,2110000
11/08/17,14.91,14.96,14.99,14.84,2800000
10/08/17,14.96,15.17,15.19,14.95,2680000
09/08/17,15.33,15.30,15.35,15.21,2970000
08/08/17,15.42,15.62,15.65,15.41,2950000
07/08/17,15.64,15.58,15.70,15.55,2080000
04/08/17,15.61,15.58,15.71,15.54,3650000
03/08/17,15.38,15.40,15.49,15.37,1700000
02/08/17,15.40,15.41,15.44,15.33,2460000
01/08/17,15.51,15.48,15.54,15.44,2360000
31/07/17,15.35,15.55,15.55,15.33,3270000
28/07/17,15.72,15.62,15.80,15.48,6060000
27/07/17,15.25,15.35,15.35,15.12,3900000
26/07/17,15.35,15.36,15.43,15.29,2500000
25/07/17,15.36,15.45,15.50,15.32,3640000
24/07/17,15.35,15.32,15.38,15.26,2090000
21/07/17,15.08,15.04,15.12,14.95,3320000
20/07/17,15.27,15.22,15.31,15.16,2920000
19/07/17,15.18,15.13,15.22,15.13,1660000
18/07/17,15.10,15.04,15.12,15.01,2500000
17/07/17,15.16,15.16,15.23,15.10,2240000
14/07/17,15.29,15.16,15.32,15.11,2420000
13/07/17,15.30,15.26,15.35,15.19,2860000
12/07/17,15.18,15.18,15.23,15.12,2320000
11/07/17,15.17,15.15,15.20,15.05,2580000
10/07/17,15.19,15.15,15.26,15.13,2570000
07/07/17,15.22,15.27,15.30,15.12,5320000
06/07/17,15.01,15.03,15.18,14.92,3130000
05/07/17,15.04,15.05,15.10,14.88,3940000
03/07/17,14.80,14.91,14.98,14.78,3200000
30/06/17,14.60,14.74,14.79,14.48,4850000
29/06/17,14.73,14.83,14.86,14.61,6160000
28/06/17,14.45,14.36,14.49,14.35,4730000
27/06/17,14.25,14.20,14.40,14.16,6720000
26/06/17,13.97,13.97,14.04,13.88,3890000
23/06/17,13.74,13.80,13.88,13.71,2520000
22/06/17,13.81,13.78,13.87,13.74,3160000
21/06/17,13.85,13.81,13.91,13.77,3200000
20/06/17,13.77,13.98,13.98,13.75,3300000
19/06/17,13.99,14.03,14.06,13.93,6600000
16/06/17,13.54,13.54,13.59,13.45,3950000
15/06/17,13.37,13.30,13.40,13.28,7310000
14/06/17,13.71,13.71,13.76,13.60,6280000
13/06/17,13.89,13.77,13.93,13.77,7760000
12/06/17,13.74,13.82,13.85,13.67,5320000
09/06/17,13.86,13.76,13.92,13.71,6970000
08/06/17,13.79,13.63,13.82,13.61,10010000
07/06/17,13.73,13.76,13.80,13.68,3550000
06/06/17,13.71,13.68,13.72,13.64,3660000
05/06/17,13.67,13.65,13.75,13.65,1540000
02/06/17,13.73,13.82,13.83,13.69,3460000
01/06/17,13.66,13.66,13.68,13.58,2500000
31/05/17,13.64,13.75,13.79,13.55,3570000
30/05/17,13.65,13.77,13.81,13.63,2520000
26/05/17,13.96,14.00,14.02,13.95,3960000
25/05/17,13.82,13.83,13.88,13.72,2590000
24/05/17,13.79,13.69,13.85,13.67,3140000
23/05/17,13.85,13.74,13.89,13.69,3260000
22/05/17,13.88,13.94,13.98,13.81,2480000
19/05/17,13.85,13.77,13.92,13.76,2960000
18/05/17,13.76,13.72,13.86,13.65,5400000
17/05/17,13.77,13.93,13.95,13.69,6120000
16/05/17,14.19,14.25,14.29,14.14,5480000
15/05/17,14.24,14.23,14.32,14.20,2340000
12/05/17,14.17,14.21,14.24,14.11,2340000
11/05/17,14.22,14.28,14.30,14.18,3000000
10/05/17,14.34,14.34,14.41,14.31,2830000
09/05/17,14.27,14.43,14.46,14.21,3290000
08/05/17,14.28,14.20,14.29,14.14,4120000
05/05/17,15.21,15.05,15.23,15.00,4290000
04/05/17,14.92,14.98,15.01,14.89,5230000
03/05/17,14.89,14.81,14.94,14.76,2780000
02/05/17,14.81,14.74,14.81,14.70,3960000
01/05/17,14.77,14.78,14.94,14.76,3560000
28/04/17,14.72,14.71,14.74,14.58,4270000
27/04/17,14.81,14.88,14.89,14.69,3500000
26/04/17,15.14,15.17,15.32,15.10,8770000
25/04/17,14.74,14.84,14.94,14.73,4990000
24/04/17,14.53,14.57,14.65,14.48,6530000
21/04/17,13.93,13.92,13.96,13.83,3760000
20/04/17,14.02,13.92,14.10,13.91,4500000
19/04/17,13.72,13.84,13.88,13.66,3010000
18/04/17,13.68,13.59,13.69,13.53,3680000
17/04/17,13.80,13.67,13.84,13.63,2820000
13/04/17,13.63,13.73,13.82,13.59,3710000
12/04/17,13.85,13.92,13.96,13.78,3910000
11/04/17,14.08,13.97,14.10,13.88,3810000
10/04/17,14.00,14.08,14.12,13.98,3360000
07/04/17,13.91,13.91,14.00,13.84,3450000
06/04/17,13.95,13.95,14.06,13.91,3850000
05/04/17,13.87,14.13,14.19,13.86,5640000
04/04/17,13.99,14.02,14.07,13.92,4560000
03/04/17,14.08,14.19,14.22,13.94,6510000
31/03/17,14.31,14.32,14.40,14.27,4240000
30/03/17,14.54,14.50,14.64,14.45,4770000
29/03/17,14.38,14.46,14.54,14.34,3920000
28/03/17,14.55,14.41,14.61,14.40,8680000
27/03/17,14.41,14.13,14.47,14.09,6560000
24/03/17,14.15,14.19,14.23,14.04,4610000
23/03/17,14.05,14.38,14.42,13.88,15490000
22/03/17,14.43,14.33,14.47,14.27,5770000
21/03/17,14.43,15.01,15.03,14.37,9880000
20/03/17,14.69,14.75,14.84,14.68,2590000
17/03/17,14.90,15.01,15.02,14.86,3980000
16/03/17,15.03,14.93,15.10,14.93,4890000
15/03/17,14.78,14.86,14.93,14.75,4240000
14/03/17,14.67,14.70,14.72,14.56,2890000
13/03/17,14.79,14.86,14.93,14.76,3900000
10/03/17,14.85,14.83,14.92,14.74,3830000
09/03/17,14.72,14.78,14.85,14.65,3740000
08/03/17,14.56,14.77,14.89,14.54,5770000
07/03/17,14.54,14.50,14.56,14.44,3960000
06/03/17,14.64,14.72,14.73,14.49,6710000
03/03/17,15.24,15.15,15.37,15.12,5120000
02/03/17,14.87,15.10,15.13,14.85,3840000
01/03/17,15.22,15.04,15.32,15.03,6270000
28/02/17,14.55,14.53,14.60,14.47,2500000
27/02/17,14.55,14.37,14.57,14.35,3860000
24/02/17,14.36,14.41,14.49,14.28,5250000
23/02/17,14.78,14.95,14.96,14.68,3720000
22/02/17,14.80,14.72,14.87,14.69,4300000
21/02/17,14.93,14.94,15.01,14.85,4300000
17/02/17,14.87,14.65,14.87,14.60,4040000
16/02/17,14.68,14.81,14.87,14.56,4070000
15/02/17,14.75,14.73,14.86,14.67,4220000
14/02/17,14.52,14.45,14.58,14.35,6450000
13/02/17,14.28,14.19,14.31,14.16,3890000
10/02/17,14.06,14.05,14.12,14.00,3620000
09/02/17,14.21,14.02,14.25,14.00,4680000
08/02/17,13.98,13.86,14.03,13.65,7810000
07/02/17,14.31,14.39,14.51,14.30,3310000
06/02/17,14.49,14.46,14.57,14.45,4370000
03/02/17,14.66,14.56,14.74,14.53,6090000
02/02/17,14.41,14.45,14.51,14.34,5440000
01/02/17,14.77,14.77,14.84,14.69,5300000
31/01/17,14.66,14.80,14.83,14.51,4520000
30/01/17,14.85,14.84,14.85,14.68,3300000
27/01/17,14.79,14.81,14.86,14.67,5030000
26/01/17,15.27,15.28,15.40,15.22,3860000
25/01/17,15.42,15.21,15.43,15.21,5400000
24/01/17,14.80,14.69,14.88,14.68,2360000
23/01/17,14.62,14.60,14.64,14.47,3360000
20/01/17,14.91,14.82,14.95,14.79,3900000
19/01/17,14.74,14.83,14.84,14.62,3790000
18/01/17,14.75,14.47,14.76,14.27,12840000
17/01/17,14.94,15.34,15.35,14.91,4570000
13/01/17,15.29,15.47,15.59,15.22,4640000
12/01/17,15.06,15.25,15.27,14.91,4250000
11/01/17,15.36,15.05,15.36,15.01,3720000
10/01/17,15.07,15.01,15.17,15.00,3010000
09/01/17,15.05,14.97,15.16,14.89,2810000
06/01/17,15.12,15.02,15.20,15.00,4020000
05/01/17,15.16,15.12,15.27,14.89,5450000
04/01/17,15.39,15.24,15.41,15.04,7670000
03/01/17,14.72,14.57,14.75,14.49,7460000
30/12/16,13.80,13.83,13.92,13.75,4130000
29/12/16,13.67,13.93,13.94,13.63,4340000
28/12/16,14.01,14.16,14.23,14.00,3480000
27/12/16,14.22,14.26,14.26,14.20,2270000
23/12/16,14.32,14.28,14.34,14.23,2900000
22/12/16,14.40,14.48,14.48,14.39,2660000
21/12/16,14.59,14.75,14.78,14.53,3700000
20/12/16,14.93,14.64,14.95,14.62,5230000
19/12/16,14.66,14.70,14.80,14.53,6670000
16/12/16,14.73,14.84,14.90,14.69,6760000
15/12/16,14.81,14.81,14.97,14.76,10640000
14/12/16,14.61,14.66,14.81,14.53,9500000
13/12/16,14.83,14.64,14.97,14.52,9140000
12/12/16,14.48,14.65,14.72,14.41,5480000
09/12/16,14.86,14.93,14.97,14.73,10060000
08/12/16,15.27,15.13,15.35,14.98,12760000
07/12/16,14.98,14.45,14.99,14.42,17050000
06/12/16,14.17,13.49,14.18,13.49,13740000
05/12/16,13.19,13.06,13.22,13.05,6610000
02/12/16,12.91,12.97,13.08,12.83,5770000
01/12/16,13.24,13.30,13.38,13.17,3910000
30/11/16,12.86,12.83,12.94,12.76,6480000
29/11/16,12.75,12.66,12.86,12.61,3450000
28/11/16,12.60,12.92,12.98,12.59,4860000
25/11/16,13.15,13.12,13.18,13.08,2320000
23/11/16,13.30,13.08,13.37,13.07,3980000
22/11/16,13.43,13.42,13.45,13.31,2710000
21/11/16,13.43,13.40,13.49,13.33,3960000
18/11/16,13.48,13.63,13.66,13.48,3370000
17/11/16,13.68,13.82,13.86,13.66,4900000
16/11/16,13.75,13.95,14.01,13.74,5390000
15/11/16,14.42,14.04,14.43,13.91,7740000
14/11/16,14.36,13.84,14.38,13.84,11950000
11/11/16,13.71,13.56,13.72,13.45,6510000
10/11/16,13.56,13.64,13.79,13.20,13240000
09/11/16,13.00,12.38,13.10,12.37,12610000
08/11/16,12.37,12.24,12.50,12.14,5160000
07/11/16,12.49,12.39,12.51,12.36,3920000
04/11/16,12.03,12.03,12.11,11.90,7210000
03/11/16,12.05,12.37,12.39,12.03,9040000
02/11/16,13.10,13.21,13.28,12.99,4040000
01/11/16,13.41,13.69,13.70,13.30,4700000
31/10/16,13.40,13.55,13.57,13.39,2130000
28/10/16,13.56,13.58,13.67,13.45,3680000
27/10/16,13.64,13.53,13.73,13.46,6280000
26/10/16,13.39,13.27,13.41,13.27,6060000
25/10/16,13.32,13.31,13.35,13.17,4480000
24/10/16,13.46,13.47,13.52,13.39,2760000
21/10/16,13.21,13.15,13.22,13.12,2190000
20/10/16,13.28,13.09,13.30,13.08,5100000
19/10/16,13.20,13.06,13.24,13.03,3160000
18/10/16,12.85,12.81,12.88,12.71,3470000
17/10/16,12.54,12.64,12.66,12.50,2730000
14/10/16,12.57,12.75,12.84,12.50,3930000
13/10/16,12.37,12.37,12.41,12.23,3320000
12/10/16,12.64,12.76,12.80,12.62,3270000
11/10/16,12.82,12.92,12.96,12.72,3160000
10/10/16,12.87,12.81,12.92,12.81,2460000
07/10/16,12.78,12.96,12.96,12.73,5350000
06/10/16,12.98,13.10,13.12,12.88,2380000
05/10/16,13.12,13.04,13.20,13.00,5410000
04/10/16,12.91,12.79,13.01,12.77,4200000
03/10/16,12.61,12.72,12.73,12.56,2860000
30/09/16,12.67,12.39,12.74,12.27,9910000
29/09/16,11.92,12.54,12.64,11.81,10890000
28/09/16,12.47,12.47,12.50,12.25,3210000
27/09/16,12.36,12.21,12.54,12.20,5990000
26/09/16,12.60,12.73,12.81,12.59,3080000
23/09/16,12.94,12.87,13.06,12.86,1920000
22/09/16,13.05,13.12,13.15,13.00,2010000
21/09/16,12.72,12.61,12.73,12.56,2650000
20/09/16,12.40,12.48,12.49,12.37,3290000
19/09/16,12.39,12.66,12.67,12.33,4560000
16/09/16,12.62,12.52,12.65,12.47,6650000
15/09/16,13.24,13.11,13.29,13.04,3150000
14/09/16,12.92,12.96,13.12,12.88,3600000
13/09/16,13.05,13.18,13.23,12.96,4110000
12/09/16,13.36,12.97,13.39,12.91,4860000
09/09/16,13.24,13.34,13.42,13.21,4720000
08/09/16,13.17,13.11,13.21,13.04,3540000
07/09/16,12.93,12.89,12.96,12.84,3160000
06/09/16,12.68,12.84,12.85,12.62,3910000
02/09/16,12.80,12.68,12.82,12.63,4330000
01/09/16,12.67,12.84,12.85,12.47,5260000
31/08/16,12.57,12.69,12.75,12.47,4880000
30/08/16,12.30,12.22,12.36,12.20,3400000
29/08/16,12.01,12.03,12.06,11.96,2440000
26/08/16,11.91,12.05,12.17,11.84,5460000
25/08/16,11.95,11.98,12.00,11.91,2930000
24/08/16,11.87,11.93,11.98,11.85,2230000
23/08/16,11.82,11.77,11.91,11.75,2400000
22/08/16,11.62,11.57,11.65,11.52,3020000
19/08/16,11.50,11.52,11.53,11.43,1880000
18/08/16,11.68,11.60,11.70,11.59,1720000
17/08/16,11.63,11.57,11.65,11.49,2320000
16/08/16,11.68,11.72,11.75,11.66,2900000
15/08/16,11.61,11.59,11.65,11.54,2680000
12/08/16,11.60,11.58,11.61,11.53,2330000
11/08/16,11.45,11.37,11.51,11.37,2580000
10/08/16,11.31,11.32,11.40,11.29,3870000
09/08/16,11.15,10.95,11.16,10.95,3860000
08/08/16,10.95,10.93,10.95,10.86,3600000
05/08/16,10.91,10.67,10.93,10.65,4390000
04/08/16,10.64,10.58,10.68,10.54,3890000
03/08/16,10.63,10.44,10.63,10.40,4790000
02/08/16,10.42,10.61,10.67,10.39,6100000
01/08/16,10.94,11.12,11.17,10.87,3650000
29/07/16,11.15,11.08,11.18,11.06,3970000
28/07/16,10.87,10.83,10.88,10.62,6040000
27/07/16,11.21,11.32,11.37,11.15,3860000
26/07/16,11.16,11.13,11.21,11.07,2060000
25/07/16,11.22,11.28,11.33,11.20,3470000
22/07/16,11.13,11.23,11.23,11.09,1900000
21/07/16,11.20,11.28,11.38,11.18,2330000
20/07/16,11.16,11.08,11.17,10.99,2930000
19/07/16,10.92,10.91,11.03,10.89,2520000
18/07/16,11.03,10.94,11.08,10.87,3060000
15/07/16,10.93,10.94,10.94,10.83,2840000
14/07/16,10.88,10.75,10.96,10.72,6680000
13/07/16,10.48,10.65,10.65,10.39,12970000
12/07/16,10.67,10.58,10.71,10.51,14070000
11/07/16,10.38,10.23,10.46,10.21,4840000
08/07/16,10.09,10.11,10.13,9.95,4670000
07/07/16,9.85,10.03,10.15,9.73,4890000
06/07/16,9.95,9.80,9.96,9.65,4790000
05/07/16,9.90,10.12,10.13,9.86,5820000
01/07/16,10.48,10.40,10.51,10.38,6760000
30/06/16,10.32,10.22,10.40,10.12,7370000
29/06/16,10.26,10.12,10.28,10.06,14490000
28/06/16,10.17,10.17,10.28,10.04,11410000
27/06/16,10.13,10.21,10.29,10.02,17360000
24/06/16,11.10,11.18,11.44,11.03,17460000
23/06/16,13.23,13.06,13.26,12.94,4730000
22/06/16,12.65,12.87,12.96,12.63,4890000
21/06/16,12.60,12.55,12.66,12.40,2680000
20/06/16,12.38,12.49,12.58,12.37,4240000
17/06/16,12.10,11.87,12.17,11.84,5670000
16/06/16,11.65,11.24,11.66,11.17,6290000
15/06/16,11.49,11.62,11.75,11.48,5230000
14/06/16,11.38,11.58,11.63,11.28,6160000
13/06/16,11.66,11.64,11.96,11.62,6520000
10/06/16,11.99,12.12,12.20,11.94,5380000
09/06/16,12.54,12.66,12.69,12.51,4600000
08/06/16,12.98,13.03,13.12,12.94,1970000
07/06/16,12.99,12.99,13.07,12.97,2530000
06/06/16,12.89,12.75,12.92,12.75,3410000
03/06/16,12.87,13.04,13.05,12.80,5420000
02/06/16,13.16,13.03,13.17,12.99,2630000
01/06/16,13.03,12.99,13.07,12.89,4160000
31/05/16,13.19,13.33,13.41,13.12,4280000
27/05/16,13.79,13.76,13.86,13.71,2860000
26/05/16,13.81,13.87,13.92,13.76,2390000
25/05/16,13.86,13.81,13.92,13.77,3230000
24/05/16,13.60,13.45,13.63,13.44,2390000
23/05/16,13.29,13.22,13.35,13.18,3140000
20/05/16,13.21,13.14,13.24,13.12,3670000
19/05/16,12.98,13.01,13.14,12.90,5210000
18/05/16,12.75,12.36,12.79,12.36,5000000
17/05/16,12.35,12.31,12.51,12.24,3680000
16/05/16,12.40,12.39,12.51,12.35,2740000
13/05/16,12.39,12.63,12.73,12.34,3730000
12/05/16,12.67,12.77,12.88,12.59,4700000
11/05/16,12.89,12.79,13.03,12.75,5230000
10/05/16,13.40,13.05,13.42,13.03,4640000
09/05/16,13.57,13.39,13.60,13.30,5470000
06/05/16,13.50,13.13,13.51,13.13,5200000
05/05/16,13.59,13.81,13.83,13.54,2360000
04/05/16,13.77,13.94,14.09,13.69,2960000
03/05/16,14.04,14.08,14.14,13.86,4240000
02/05/16,14.71,14.62,14.73,14.49,2580000
29/04/16,14.67,14.72,14.81,14.54,3910000
28/04/16,15.00,14.94,15.22,14.88,4050000
27/04/16,14.96,14.74,14.98,14.74,4200000
26/04/16,14.96,14.91,14.98,14.80,2980000
25/04/16,14.67,14.83,14.84,14.52,2710000
22/04/16,15.06,14.74,15.09,14.73,3400000
21/04/16,15.03,15.23,15.23,14.99,3550000
20/04/16,15.26,15.08,15.29,15.02,3960000
19/04/16,14.87,14.80,14.97,14.73,2940000
18/04/16,14.58,14.40,14.66,14.36,3020000
15/04/16,14.36,14.32,14.43,14.26,2020000
14/04/16,14.47,14.47,14.51,14.31,2390000
13/04/16,14.54,14.41,14.57,14.31,3920000
12/04/16,13.63,13.36,13.65,13.19,2920000
11/04/16,13.35,13.41,13.50,13.34,2000000
08/04/16,13.09,13.12,13.23,13.04,2420000
07/04/16,12.72,12.88,12.96,12.70,2890000
06/04/16,13.00,12.86,13.01,12.78,2500000
05/04/16,12.87,13.04,13.04,12.85,5450000
04/04/16,13.50,13.58,13.69,13.45,2740000
01/04/16,13.56,13.51,13.58,13.46,2010000
31/03/16,13.63,13.71,13.82,13.61,1900000
30/03/16,13.71,13.68,13.85,13.65,2470000
29/03/16,13.69,13.52,13.69,13.43,3060000
28/03/16,13.90,13.88,13.95,13.76,1000000
24/03/16,13.85,13.76,13.92,13.71,2770000
23/03/16,14.19,14.49,14.58,14.19,2540000
22/03/16,14.22,14.16,14.30,14.10,2200000
21/03/16,14.50,14.64,14.72,14.47,2290000
18/03/16,14.58,14.48,14.62,14.37,2430000
17/03/16,14.25,13.97,14.38,13.92,2850000
16/03/16,14.12,13.80,14.12,13.80,3370000
15/03/16,14.76,14.65,14.78,14.61,2110000
14/03/16,15.16,14.99,15.23,14.94,3180000
11/03/16,15.36,15.05,15.36,15.00,3350000
10/03/16,14.48,14.61,14.77,14.21,3090000
09/03/16,14.43,14.61,14.65,14.34,1820000
08/03/16,14.50,14.80,14.82,14.47,3030000
07/03/16,14.93,14.75,14.98,14.63,2200000
04/03/16,14.89,14.77,15.05,14.75,3100000
03/03/16,14.99,14.91,15.00,14.80,3510000
02/03/16,14.31,14.10,14.32,14.00,4180000
01/03/16,13.60,13.19,13.64,13.14,4070000
29/02/16,12.85,12.96,13.11,12.84,2790000
26/02/16,13.16,13.12,13.31,13.09,3440000
25/02/16,12.97,12.79,13.02,12.75,3240000
24/02/16,12.68,12.26,12.71,12.21,4080000
23/02/16,12.50,12.83,12.86,12.45,5780000
22/02/16,12.88,12.70,12.96,12.70,2810000
19/02/16,12.71,12.84,12.86,12.62,3840000
18/02/16,12.94,13.08,13.09,12.93,2590000
17/02/16,13.19,13.22,13.39,13.17,3990000
16/02/16,13.08,13.03,13.12,12.83,3360000
12/02/16,13.33,12.86,13.35,12.59,5100000
11/02/16,12.23,12.33,12.51,12.11,4470000
10/02/16,13.12,13.17,13.59,13.11,4100000
09/02/16,12.99,12.91,13.20,12.78,8670000
08/02/16,13.92,14.06,14.06,13.77,5100000
05/02/16,14.45,14.63,14.67,14.44,3250000
04/02/16,14.36,13.93,14.46,13.92,5400000
03/02/16,16.09,16.61,16.61,15.69,5490000
02/02/16,15.92,15.93,16.07,15.81,2920000
01/02/16,16.72,16.56,16.77,16.54,3240000
29/01/16,17.16,16.75,17.18,16.72,2020000
28/01/16,16.70,16.88,16.89,16.56,1960000
27/01/16,16.87,16.83,17.15,16.74,2070000
26/01/16,16.93,16.71,16.98,16.66,2220000
25/01/16,16.71,16.76,16.89,16.68,2520000
22/01/16,17.20,17.21,17.27,17.02,2090000
21/01/16,16.73,16.78,16.89,16.53,3710000
20/01/16,17.19,17.38,17.42,16.83,2740000
19/01/16,17.83,17.90,18.01,17.72,2020000
15/01/16,18.03,17.92,18.19,17.87,1420000
14/01/16,18.60,18.50,18.72,18.25,1570000
13/01/16,18.60,19.23,19.30,18.56,1290000
12/01/16,19.14,19.27,19.33,18.96,1270000
11/01/16,19.06,19.08,19.11,18.91,1300000
08/01/16,18.88,19.41,19.47,18.86,2250000
07/01/16,19.52,19.56,19.77,19.50,2160000
06/01/16,20.07,20.13,20.20,19.97,1500000
05/01/16,20.44,20.45,20.53,20.31,1300000
04/01/16,20.60,20.20,20.60,20.16,2000000
31/12/15,20.92,20.91,21.09,20.80,943990
30/12/15,21.12,21.24,21.30,21.10,1260000
29/12/15,21.36,21.31,21.43,21.22,1130000
28/12/15,21.29,21.35,21.37,21.15,1240000
24/12/15,21.31,21.20,21.41,21.18,401110
23/12/15,21.28,20.91,21.28,20.90,1210000
22/12/15,20.72,20.54,20.77,20.47,1390000
21/12/15,20.44,20.37,20.52,20.33,1440000
18/12/15,20.53,20.57,20.73,20.51,2170000
17/12/15,20.43,20.66,20.67,20.38,1770000
16/12/15,20.66,20.28,20.69,20.24,1740000
15/12/15,20.13,20.04,20.19,20.04,1830000
14/12/15,19.75,20.09,20.11,19.60,1920000
11/12/15,19.78,20.03,20.07,19.73,2040000
10/12/15,20.40,20.53,20.60,20.39,1660000
09/12/15,20.55,20.51,20.85,20.43,1610000
08/12/15,20.55,20.64,20.73,20.52,1910000
07/12/15,20.86,21.13,21.14,20.61,3140000
04/12/15,21.34,21.06,21.36,21.02,1820000
03/12/15,21.30,21.45,21.47,21.23,2530000
02/12/15,21.02,21.17,21.20,20.92,1840000
01/12/15,21.01,20.86,21.01,20.69,1520000
30/11/15,20.80,20.81,20.86,20.74,1280000
27/11/15,20.75,20.69,20.75,20.62,593280
25/11/15,20.83,20.99,21.01,20.79,1350000
24/11/15,20.31,20.24,20.39,20.14,1690000
23/11/15,20.36,20.75,20.85,20.29,2220000
20/11/15,21.19,21.60,21.61,21.13,1650000
19/11/15,21.86,22.01,22.05,21.84,924590
18/11/15,21.82,21.75,21.85,21.68,1340000
17/11/15,21.67,21.82,21.87,21.65,1450000
16/11/15,21.83,21.48,21.84,21.45,1140000
13/11/15,21.79,22.01,22.03,21.74,1200000
12/11/15,22.06,22.17,22.27,22.03,1050000
11/11/15,22.44,22.54,22.59,22.36,993130
10/11/15,22.63,22.57,22.68,22.39,891720
09/11/15,22.89,22.93,23.04,22.81,917210
06/11/15,23.15,23.02,23.17,22.86,1120000
05/11/15,22.86,22.92,23.02,22.72,825290
04/11/15,23.00,23.02,23.07,22.85,2050000
03/11/15,23.19,23.06,23.31,23.04,1870000
02/11/15,23.95,23.85,23.98,23.77,1050000
30/10/15,23.58,23.52,23.69,23.39,1800000
29/10/15,23.61,23.57,23.76,23.46,3190000
28/10/15,24.00,23.50,24.03,23.46,3000000
27/10/15,23.48,23.49,23.59,23.44,3700000
26/10/15,23.68,23.44,23.70,23.42,1880000
23/10/15,23.44,23.40,23.50,23.31,2230000
22/10/15,22.99,22.72,23.18,22.64,3500000
21/10/15,23.56,23.89,23.91,23.47,4820000
20/10/15,24.49,24.43,24.81,24.42,1770000
19/10/15,24.30,24.26,24.43,24.13,806980
16/10/15,24.32,24.41,24.43,24.15,1070000
15/10/15,23.83,23.30,23.83,23.28,1210000
14/10/15,23.40,23.66,23.80,23.35,1530000
13/10/15,23.37,23.33,23.72,23.30,1900000
12/10/15,23.66,23.68,23.71,23.50,1310000
09/10/15,23.36,23.64,23.71,22.85,3500000
08/10/15,23.14,22.88,23.20,22.86,4210000
07/10/15,23.88,23.82,24.15,23.70,1210000
06/10/15,23.94,23.65,24.02,23.64,710610
05/10/15,23.73,23.52,23.76,23.52,1010000
02/10/15,23.24,22.95,23.24,22.85,2080000
01/10/15,22.72,22.86,22.94,22.52,1150000
30/09/15,22.67,22.61,22.69,22.45,1090000
29/09/15,22.59,22.46,22.67,22.35,1410000
28/09/15,22.27,22.63,22.63,22.21,1110000
25/09/15,23.07,23.23,23.36,23.00,1100000
24/09/15,22.97,22.96,23.00,22.78,1360000
23/09/15,23.09,23.32,23.43,22.98,1250000
22/09/15,23.52,23.50,23.61,23.31,1770000
21/09/15,24.31,24.27,24.40,24.18,1160000
18/09/15,24.41,24.59,24.79,24.38,2040000
17/09/15,25.36,25.37,25.68,25.23,1930000
16/09/15,25.27,25.15,25.30,25.02,751380
15/09/15,25.19,25.04,25.29,25.04,1470000
14/09/15,24.78,24.85,24.92,24.68,1110000
11/09/15,25.33,25.04,25.34,25.00,919520
10/09/15,25.04,24.97,25.15,24.87,866010
09/09/15,24.97,25.47,25.50,24.93,1270000
08/09/15,25.16,25.08,25.18,24.93,1040000
04/09/15,24.26,24.29,24.35,24.12,1000000
03/09/15,24.76,24.70,24.95,24.68,1710000
02/09/15,24.70,24.85,24.97,24.35,1710000
01/09/15,24.43,24.72,24.81,24.32,1410000
31/08/15,25.36,25.19,25.46,25.11,1230000
28/08/15,25.51,25.23,25.58,25.23,1340000
27/08/15,25.70,25.59,25.78,25.39,1960000
26/08/15,25.38,25.68,25.70,25.04,2960000
25/08/15,25.14,25.91,25.94,25.14,2140000
24/08/15,24.92,24.65,25.52,24.18,3550000
21/08/15,25.40,25.93,25.94,25.38,2600000
20/08/15,26.14,26.44,26.45,26.12,1880000
19/08/15,26.61,26.65,26.78,26.36,1170000
18/08/15,26.62,26.68,26.81,26.55,718010
17/08/15,26.58,26.43,26.61,26.30,795460
14/08/15,26.37,26.34,26.44,26.25,423510
13/08/15,26.41,26.54,26.54,26.36,1030000
12/08/15,26.34,26.46,26.48,26.02,1830000
11/08/15,26.90,27.30,27.32,26.76,1060000
10/08/15,27.48,27.13,27.49,27.13,598410
07/08/15,27.16,27.12,27.24,27.02,809000
06/08/15,27.34,27.45,27.50,27.24,757590
05/08/15,27.51,27.60,27.72,27.47,1110000
04/08/15,27.65,27.51,27.77,27.51,1050000
03/08/15,27.92,27.95,28.00,27.83,874870
31/07/15,27.78,28.20,28.22,27.69,1290000
30/07/15,27.77,27.81,27.83,27.62,1230000
29/07/15,27.48,27.37,27.63,27.34,1540000
28/07/15,27.31,26.96,27.35,26.87,1610000
27/07/15,27.04,27.37,27.40,26.93,1250000
24/07/15,27.55,27.86,27.89,27.47,1680000
23/07/15,28.00,28.21,28.29,27.90,2250000
22/07/15,26.49,26.43,26.50,26.18,1700000
21/07/15,26.91,26.94,27.07,26.82,1940000
20/07/15,26.91,26.78,26.94,26.73,1400000
17/07/15,27.01,26.81,27.01,26.78,1540000
16/07/15,27.46,27.40,27.57,27.34,1660000
15/07/15,27.59,27.57,27.72,27.49,1340000
14/07/15,27.81,27.60,27.87,27.55,1060000
13/07/15,27.34,27.19,27.34,27.19,1090000
10/07/15,27.12,27.12,27.16,26.96,1370000
09/07/15,26.18,26.18,26.31,26.07,1850000
08/07/15,25.62,25.81,25.87,25.51,2250000
07/07/15,26.73,26.54,26.87,25.98,3060000
06/07/15,26.34,26.24,26.49,26.18,1500000
02/07/15,26.91,26.79,27.00,26.76,1550000
01/07/15,26.25,26.44,26.49,26.16,1230000
30/06/15,26.03,26.33,26.33,25.73,2370000
29/06/15,26.03,26.30,26.42,25.98,1590000
26/06/15,26.62,26.51,26.75,26.50,725520
25/06/15,26.39,26.53,26.56,26.34,712270
24/06/15,26.35,26.41,26.56,26.31,717040
23/06/15,26.46,26.26,26.52,26.24,1000000
22/06/15,26.45,26.33,26.63,26.29,1110000
19/06/15,25.84,25.95,25.99,25.75,930670
18/06/15,26.00,25.91,26.17,25.83,1330000
17/06/15,25.82,25.92,25.96,25.64,988020
16/06/15,25.89,25.83,25.96,25.77,654860
15/06/15,25.98,25.85,26.00,25.81,1090000
12/06/15,26.38,26.43,26.52,26.32,1150000
11/06/15,26.34,26.38,26.50,26.23,1370000
10/06/15,26.10,26.01,26.22,25.95,1220000
09/06/15,25.64,25.97,25.99,25.58,1650000
08/06/15,26.23,26.16,26.28,26.11,1480000
05/06/15,25.78,25.75,25.99,25.61,1860000
04/06/15,26.34,26.61,26.67,26.26,2590000
03/06/15,26.04,25.92,26.18,25.91,1770000
02/06/15,25.35,25.23,25.43,25.20,1430000
01/06/15,24.58,24.78,24.83,24.51,697120
29/05/15,24.97,25.14,25.25,24.85,895930
28/05/15,25.17,25.01,25.18,24.84,824670
27/05/15,24.87,24.67,24.93,24.60,763130
26/05/15,24.41,24.70,24.72,24.37,1430000
22/05/15,25.24,25.30,25.36,25.22,569870
21/05/15,25.27,25.21,25.35,25.18,880150
20/05/15,25.36,25.47,25.47,25.22,1490000
19/05/15,24.68,24.71,24.82,24.67,764350
18/05/15,24.72,24.82,24.87,24.67,2900000
15/05/15,25.24,24.95,25.27,24.91,1860000
14/05/15,25.49,25.60,25.67,25.45,1500000
13/05/15,25.45,25.03,25.58,25.01,2390000
12/05/15,24.89,24.97,25.09,24.85,677820
11/05/15,24.85,24.89,25.04,24.83,737010
08/05/15,24.81,24.85,24.97,24.74,725000
07/05/15,24.63,24.71,24.77,24.59,683400
06/05/15,24.64,24.68,24.86,24.55,900000
05/05/15,24.60,24.93,24.93,24.56,1130000
04/05/15,24.49,24.47,24.54,24.43,770740
01/05/15,24.37,24.35,24.50,24.28,619730
30/04/15,24.31,23.93,24.34,23.88,2420000
29/04/15,24.60,24.25,24.70,24.24,1890000
28/04/15,24.23,24.00,24.25,23.95,1240000
27/04/15,24.30,24.52,24.62,24.29,1690000
24/04/15,24.68,24.92,24.93,24.61,1100000
23/04/15,25.13,24.84,25.18,24.83,1070000
22/04/15,25.09,24.86,25.12,24.84,2020000
21/04/15,25.11,25.25,25.27,24.98,1770000
20/04/15,25.56,25.74,25.81,25.48,2080000
17/04/15,25.51,25.65,25.70,25.35,1520000
16/04/15,25.76,25.70,25.85,25.59,954690
15/04/15,26.48,26.33,26.54,26.23,1110000
14/04/15,26.29,26.16,26.29,26.10,754630
13/04/15,25.96,26.00,26.09,25.95,567030
10/04/15,26.13,26.34,26.34,26.01,710200
09/04/15,26.20,26.30,26.37,26.05,952110
08/04/15,26.05,26.33,26.34,25.97,628860
07/04/15,26.18,26.32,26.39,26.17,921630
06/04/15,26.18,26.06,26.22,26.01,1140000
02/04/15,26.06,25.93,26.09,25.90,1940000
01/04/15,26.09,25.89,26.09,25.62,2620000
31/03/15,25.40,25.14,25.47,25.12,1060000
30/03/15,25.42,25.42,25.50,25.35,1090000
27/03/15,25.50,25.40,25.60,25.38,1830000
26/03/15,25.18,25.18,25.22,24.87,947390
25/03/15,25.12,25.37,25.44,25.11,1270000
24/03/15,25.35,25.51,25.52,25.34,1320000
23/03/15,25.24,25.18,25.38,25.13,2950000
20/03/15,24.97,24.63,25.02,24.50,3460000
19/03/15,23.86,23.91,23.97,23.70,1810000
18/03/15,24.03,23.60,24.16,23.53,1950000
17/03/15,23.38,23.46,23.46,23.30,1500000
16/03/15,23.55,23.66,23.73,23.49,915090
13/03/15,23.57,23.31,23.59,23.17,1030000
12/03/15,23.46,23.45,23.52,23.33,1380000
11/03/15,23.59,23.59,23.77,23.41,2300000
10/03/15,23.68,23.64,23.77,23.55,4370000
09/03/15,22.20,22.27,22.28,22.07,658210
06/03/15,22.19,22.50,22.58,22.18,1230000
05/03/15,22.50,22.44,22.64,22.40,1230000
04/03/15,22.70,22.65,22.75,22.47,822030
03/03/15,22.57,22.61,22.72,22.52,1030000
02/03/15,22.90,22.75,22.92,22.71,1690000
27/02/15,22.96,23.11,23.16,22.95,1710000
26/02/15,23.19,23.37,23.47,23.17,1370000
25/02/15,23.76,23.82,23.82,23.61,1340000
24/02/15,23.48,23.17,23.52,23.15,1310000
23/02/15,23.24,23.34,23.37,23.17,1200000
20/02/15,23.75,23.25,23.77,23.14,2220000
19/02/15,22.96,22.90,23.07,22.85,820200
18/02/15,23.06,23.18,23.28,22.96,1900000
17/02/15,22.72,22.53,22.79,22.42,2940000
13/02/15,22.31,22.27,22.44,22.20,1280000
12/02/15,22.09,22.01,22.31,21.90,3060000
11/02/15,20.19,20.29,20.36,20.07,1020000
10/02/15,20.35,20.47,20.50,20.20,1230000
09/02/15,20.38,20.40,20.49,20.31,1160000
06/02/15,20.53,20.43,20.70,20.41,1050000
05/02/15,20.70,20.66,20.73,20.58,872370
04/02/15,20.57,20.57,20.77,20.54,903510
03/02/15,20.67,20.47,20.70,20.47,1420000
02/02/15,20.24,19.91,20.27,19.88,938710
30/01/15,19.85,20.00,20.06,19.83,1200000
29/01/15,20.09,20.13,20.14,19.93,916700
28/01/15,19.84,20.37,20.38,19.82,1710000
27/01/15,20.39,20.21,20.51,20.17,1160000
26/01/15,20.50,20.62,20.69,20.43,1700000
23/01/15,20.62,20.92,20.98,20.60,1780000
22/01/15,21.52,21.36,21.55,21.28,1280000
21/01/15,21.23,20.94,21.24,20.89,2690000
20/01/15,20.74,21.13,21.16,20.66,1780000
16/01/15,20.80,21.04,21.18,20.52,4330000
15/01/15,21.90,22.20,22.29,21.44,5840000
14/01/15,21.52,21.46,21.54,21.29,1660000
13/01/15,21.81,22.00,22.11,21.63,1470000
12/01/15,21.77,21.79,21.87,21.59,1130000
09/01/15,21.89,22.02,22.04,21.82,2090000
08/01/15,22.27,22.15,22.52,22.14,1860000
07/01/15,22.44,22.36,22.48,22.19,963070
06/01/15,22.46,22.75,22.78,22.27,1950000
05/01/15,22.86,23.02,23.05,22.78,1310000
02/01/15,23.57,23.82,23.82,23.45,1330000
31/12/14,23.66,23.93,23.99,23.64,1020000
30/12/14,23.87,24.08,24.11,23.85,707960
29/12/14,24.08,24.07,24.26,24.07,859170
26/12/14,24.50,24.51,24.73,24.47,554850
24/12/14,24.48,24.53,24.56,24.43,204980
23/12/14,24.49,24.42,24.54,24.38,1180000
22/12/14,24.38,24.52,24.52,24.33,706080
19/12/14,24.34,24.21,24.46,24.10,1030000
18/12/14,24.42,24.09,24.42,24.06,1470000
17/12/14,23.84,23.46,23.98,23.44,1320000
16/12/14,23.43,23.34,23.81,23.26,1870000
15/12/14,23.51,23.94,23.97,23.44,1510000
12/12/14,23.94,24.40,24.49,23.93,1300000
11/12/14,24.55,24.69,24.81,24.55,878210
10/12/14,24.55,24.85,24.86,24.53,1310000
09/12/14,24.98,24.76,25.07,24.76,815660
08/12/14,25.11,25.20,25.24,25.04,456630
05/12/14,25.33,25.26,25.46,25.23,514670
04/12/14,25.21,25.18,25.34,25.04,600820
03/12/14,25.26,25.20,25.27,25.15,453730
02/12/14,25.15,25.21,25.26,25.08,526470
01/12/14,24.98,25.05,25.14,24.92,1150000
28/11/14,25.16,25.33,25.34,25.15,377750
26/11/14,25.56,25.59,25.62,25.48,346490
25/11/14,25.68,25.55,25.70,25.53,559240
24/11/14,25.38,25.26,25.39,25.20,602530
21/11/14,24.89,24.83,25.03,24.81,1020000
20/11/14,24.69,24.54,24.70,24.53,571870
19/11/14,24.92,25.00,25.01,24.85,750010
18/11/14,24.85,24.91,25.00,24.82,854930
17/11/14,24.73,24.59,24.78,24.53,964610
14/11/14,24.79,24.53,24.85,24.52,374660
13/11/14,24.71,24.68,24.83,24.63,760290
12/11/14,24.30,24.33,24.40,24.28,607550
11/11/14,24.46,24.47,24.53,24.36,855290
10/11/14,24.51,24.57,24.61,24.46,670540
07/11/14,24.37,24.43,24.44,24.27,886630
06/11/14,24.25,24.40,24.45,24.17,634270
05/11/14,24.43,24.36,24.48,24.21,966990
04/11/14,24.43,24.47,24.48,24.23,943750
03/11/14,24.51,24.68,24.73,24.43,1030000
31/10/14,25.13,24.91,25.20,24.74,1860000
30/10/14,24.76,24.42,24.84,24.35,742020
29/10/14,24.49,24.64,24.84,24.39,1140000
28/10/14,24.66,24.47,24.68,24.45,1580000
27/10/14,24.29,23.95,24.29,23.89,1390000
24/10/14,24.55,24.43,24.58,24.33,1980000
23/10/14,24.30,24.45,24.50,24.22,3720000
22/10/14,24.53,24.80,24.85,24.52,826240
21/10/14,24.78,24.56,24.82,24.54,699630
20/10/14,24.51,24.28,24.51,24.27,823460
17/10/14,24.15,24.04,24.29,23.96,1040000
16/10/14,23.75,23.42,23.89,23.41,1930000
15/10/14,24.51,24.43,24.55,23.80,2450000
14/10/14,24.84,24.98,25.08,24.73,882830
13/10/14,24.76,25.21,25.28,24.75,1260000
10/10/14,24.74,25.30,25.38,24.74,1480000
09/10/14,25.54,26.10,26.14,25.51,2740000
08/10/14,26.49,26.03,26.52,25.84,3800000
07/10/14,25.83,26.07,26.12,25.82,4890000
06/10/14,26.25,26.04,26.30,25.95,3770000
03/10/14,25.35,25.30,25.37,25.24,631120
02/10/14,25.48,25.69,25.73,25.15,1400000
01/10/14,25.84,26.06,26.16,25.77,1300000
30/09/14,26.07,25.97,26.18,25.87,1240000
29/09/14,25.99,26.02,26.09,25.90,640130
26/09/14,26.18,25.91,26.25,25.90,722160
25/09/14,25.76,26.09,26.12,25.71,940120
24/09/14,26.20,25.89,26.22,25.84,1070000
23/09/14,25.83,26.04,26.14,25.82,695450
22/09/14,25.99,26.11,26.11,25.91,711300
19/09/14,26.13,26.18,26.27,26.10,1320000
18/09/14,26.18,26.05,26.31,26.04,1920000
17/09/14,25.67,25.72,25.88,25.65,644630
16/09/14,25.75,25.54,25.82,25.53,629750
15/09/14,25.52,25.51,25.56,25.42,604250
12/09/14,25.55,25.40,25.55,25.37,1360000
11/09/14,25.67,25.55,25.73,25.53,1010000
10/09/14,25.68,25.66,25.71,25.56,1110000
09/09/14,25.71,25.86,25.90,25.66,712420
08/09/14,25.92,25.98,26.10,25.85,720610
05/09/14,26.20,26.25,26.30,26.00,988380
04/09/14,26.54,26.80,26.87,26.48,926890
03/09/14,26.83,27.08,27.11,26.72,668370
02/09/14,26.72,26.77,26.78,26.51,683130
29/08/14,26.64,26.59,26.67,26.47,428400
28/08/14,26.53,26.58,26.62,26.44,973850
27/08/14,27.04,27.17,27.20,26.93,562490
26/08/14,27.13,27.12,27.31,27.03,833020
25/08/14,26.79,26.65,26.87,26.62,535160
22/08/14,26.47,26.50,26.58,26.41,1280000
21/08/14,26.83,26.65,26.84,26.63,543090
20/08/14,26.34,26.32,26.40,26.23,352020
19/08/14,26.44,26.52,26.53,26.41,551440
18/08/14,26.30,26.20,26.33,26.18,768740
15/08/14,26.28,26.45,26.51,26.01,1420000
14/08/14,26.18,26.14,26.27,26.01,1120000
13/08/14,25.62,25.69,25.72,25.56,450420
12/08/14,25.40,25.41,25.57,25.30,465740
11/08/14,25.18,25.27,25.28,25.14,842980
08/08/14,25.51,25.36,25.51,25.23,1090000
07/08/14,24.94,25.43,25.48,24.88,987490
06/08/14,25.33,25.13,25.47,25.13,685310
05/08/14,25.24,25.58,25.58,25.15,782670
04/08/14,25.74,25.76,25.77,25.52,798810
01/08/14,25.39,25.43,25.57,25.24,589630
31/07/14,25.56,25.54,25.70,25.51,867690
30/07/14,26.07,26.15,26.20,25.93,959260
29/07/14,26.24,26.51,26.51,26.18,1250000
28/07/14,26.57,26.44,26.59,26.33,1140000
25/07/14,26.93,26.97,27.01,26.80,766610
24/07/14,27.13,27.24,27.26,27.05,650040
23/07/14,26.86,27.00,27.00,26.77,1080000
22/07/14,26.88,26.73,27.01,26.59,1580000
21/07/14,27.41,27.35,27.51,27.22,758880
18/07/14,27.21,27.21,27.28,27.14,296740
17/07/14,27.06,27.26,27.44,27.01,503550
16/07/14,27.55,27.74,27.76,27.51,507420
15/07/14,27.27,27.30,27.35,27.05,719260
14/07/14,27.11,27.23,27.24,27.04,628450
11/07/14,26.46,26.34,26.51,26.24,661620
10/07/14,26.51,26.35,26.58,26.34,1140000
09/07/14,27.13,27.06,27.18,27.00,478220
08/07/14,27.03,27.12,27.12,26.94,857440
07/07/14,27.25,27.25,27.30,27.18,581390
03/07/14,27.67,27.63,27.78,27.59,585410
02/07/14,27.21,27.15,27.30,27.14,442790
01/07/14,27.18,27.20,27.34,27.13,849580
30/06/14,26.76,26.91,26.97,26.67,1460000
27/06/14,26.92,26.90,26.96,26.72,963940
26/06/14,26.68,26.78,26.79,26.44,1780000
25/06/14,27.67,27.67,27.73,27.59,629040
24/06/14,27.60,27.83,27.89,27.57,782040
23/06/14,28.10,28.03,28.13,27.92,520320
20/06/14,28.06,28.16,28.21,27.98,1100000
19/06/14,28.37,28.51,28.53,28.34,544960
18/06/14,28.90,28.63,28.93,28.56,516110
17/06/14,28.50,28.20,28.54,28.20,371450
16/06/14,28.46,28.23,28.50,28.22,595910
13/06/14,28.31,28.37,28.39,28.26,516060
12/06/14,28.57,28.73,28.74,28.52,378580
11/06/14,28.84,28.84,28.91,28.71,567360
10/06/14,29.01,28.96,29.03,28.88,592640
09/06/14,29.00,28.87,29.09,28.87,852330
06/06/14,29.06,28.81,29.09,28.76,1370000
05/06/14,28.58,28.56,28.61,28.36,1440000
04/06/14,28.19,28.10,28.36,28.05,967310
03/06/14,27.69,27.69,27.71,27.56,518880
02/06/14,27.90,28.08,28.08,27.82,545460
30/05/14,28.01,27.97,28.05,27.86,886620
29/05/14,27.93,28.04,28.13,27.82,1200000
28/05/14,28.26,28.34,28.39,28.22,775940
27/05/14,28.30,28.47,28.50,28.15,904610
23/05/14,27.99,27.94,28.09,27.85,1770000
22/05/14,27.60,27.57,27.63,27.52,419410
21/05/14,27.70,27.73,27.77,27.49,2400000
20/05/14,27.70,27.74,27.93,27.58,2010000
19/05/14,27.45,27.46,27.61,27.40,1420000
16/05/14,27.70,27.49,27.75,27.37,1190000
15/05/14,27.46,27.73,27.74,27.39,1380000
14/05/14,27.91,28.02,28.06,27.88,1000000
13/05/14,27.84,27.97,28.00,27.79,1620000
12/05/14,28.61,28.70,28.76,28.50,1180000
09/05/14,28.80,28.94,28.94,28.73,1030000
08/05/14,29.20,29.43,29.62,29.17,1200000
07/05/14,29.15,29.21,29.33,28.88,2390000
06/05/14,29.20,29.26,29.33,29.15,1190000
05/05/14,29.44,29.34,29.45,29.25,1200000
02/05/14,30.04,30.10,30.23,29.98,1040000
01/05/14,29.97,29.97,30.11,29.92,989580
30/04/14,29.87,29.89,29.99,29.81,480970
29/04/14,29.89,29.83,30.02,29.79,605220
28/04/14,29.42,29.50,29.59,29.17,652610
25/04/14,29.18,29.32,29.33,29.16,718140
24/04/14,29.56,29.40,29.65,29.23,609840
23/04/14,29.65,29.82,29.82,29.51,578660
22/04/14,29.83,29.77,30.03,29.74,639340
21/04/14,29.35,29.40,29.47,29.19,404870
17/04/14,29.38,29.38,29.48,29.23,1020000
16/04/14,29.45,29.21,29.51,29.03,1510000
15/04/14,29.96,29.90,30.06,29.52,946960
14/04/14,29.84,29.85,29.92,29.62,604920
11/04/14,29.99,29.94,30.20,29.82,773190
10/04/14,30.31,30.84,30.94,30.31,745930
09/04/14,30.68,30.48,30.77,30.35,807840
08/04/14,30.45,30.33,30.59,30.32,773400
07/04/14,30.25,30.39,30.52,30.19,792290
04/04/14,30.81,31.33,31.34,30.76,732960
03/04/14,30.98,30.89,31.01,30.83,440140
02/04/14,30.97,30.92,30.99,30.82,591660
01/04/14,30.96,30.86,31.02,30.83,1120000
31/03/14,30.54,30.50,30.74,30.48,880760
28/03/14,29.93,29.90,30.16,29.86,860940
27/03/14,29.50,29.50,29.62,29.46,853400
26/03/14,29.28,29.42,29.54,29.17,2030000
25/03/14,29.27,29.33,29.35,29.01,629560
24/03/14,29.13,28.94,29.18,28.75,570350
21/03/14,29.18,29.55,29.67,29.08,809930
20/03/14,29.64,29.26,29.71,29.22,650010
19/03/14,29.22,29.62,29.66,28.99,1130000
18/03/14,29.27,29.13,29.37,29.12,487820
17/03/14,28.85,28.71,28.95,28.67,787400
14/03/14,28.53,28.94,29.04,28.50,1780000
13/03/14,29.26,29.78,29.83,29.13,1440000
12/03/14,29.84,29.67,29.93,29.58,743280
11/03/14,29.83,30.04,30.16,29.77,616460
10/03/14,30.21,30.15,30.26,29.93,745450
07/03/14,30.31,30.61,30.63,30.13,925240
06/03/14,30.33,30.38,30.49,30.33,997120
05/03/14,29.79,29.73,29.93,29.69,609880
04/03/14,29.50,29.67,29.67,29.45,734300
03/03/14,29.06,29.10,29.17,28.92,961010
28/02/14,29.59,29.67,29.86,29.48,1580000
27/02/14,29.29,28.92,29.34,28.90,931920
26/02/14,29.11,29.18,29.22,28.89,1280000
25/02/14,29.82,29.82,30.00,29.77,389010
24/02/14,29.94,29.78,30.11,29.77,772340
21/02/14,29.68,29.75,29.90,29.67,775030
20/02/14,29.77,29.61,29.81,29.50,494530
19/02/14,29.82,30.00,30.11,29.77,623190
18/02/14,30.12,30.22,30.26,30.08,683880
14/02/14,29.67,29.70,29.81,29.66,737190
13/02/14,29.67,29.39,29.79,29.33,1060000
12/02/14,29.35,29.31,29.59,29.29,1090000
11/02/14,29.03,28.75,29.10,28.73,1030000
10/02/14,28.55,28.46,28.64,28.42,588040
07/02/14,28.70,28.57,28.74,28.32,955360
06/02/14,28.82,28.29,29.00,28.24,2320000
05/02/14,28.28,28.17,28.34,28.16,588170
04/02/14,28.12,28.29,28.31,28.04,1320000
03/02/14,27.67,28.30,28.38,27.62,1510000
31/01/14,28.44,28.33,28.62,28.28,1250000
30/01/14,28.93,28.88,29.00,28.70,502470
29/01/14,29.05,28.97,29.28,28.92,746010
28/01/14,29.44,29.32,29.48,29.25,462330
27/01/14,29.12,29.38,29.45,28.96,619170
24/01/14,29.27,29.39,29.47,29.22,1360000
23/01/14,30.12,30.25,30.27,29.96,810740
22/01/14,30.22,30.12,30.30,30.04,782730
21/01/14,30.33,30.44,30.44,30.13,760860
17/01/14,30.67,30.83,31.00,30.37,1130000
16/01/14,31.19,31.24,31.24,30.99,647160
15/01/14,31.31,31.17,31.34,31.11,953130
14/01/14,31.24,31.27,31.36,31.11,1040000
13/01/14,30.88,31.13,31.21,30.86,826490
10/01/14,30.96,30.77,30.98,30.73,1420000
09/01/14,30.07,29.89,30.09,29.84,552180
08/01/14,30.00,29.83,30.00,29.70,803150
07/01/14,29.77,29.80,29.87,29.73,798320
06/01/14,29.29,29.23,29.43,29.20,1210000
03/01/14,28.91,28.87,29.01,28.82,651100
02/01/14,28.21,29.01,29.16,28.20,1050000